类别,通知内容,日期,概括内容
升学,"【哈工大卓越工程师学院2024年硕士研究生招生宣讲】@所有人
各位同学，卓越工程师之类的项目是不严格要求保研名额的，有保研资格都可以报名（即前50%），请感兴趣的同学参会学习了解主讲嘉宾：哈工大卓越工程师学院党委书记兼常务副院长潘旭东教授宣讲时间：7月28日（周五14:30-16:00腾讯会议：475-858-851卓越工程师学院2024年推免生（含直博生）接收工作细则http://ees.hit.edu.cn/2023/0724/c15565a321323/page.htm卓越工程师学院2024年硕士研究生招生各专项简介http://ees.hit.edu.cn/2023/0720/c15565a321199/page.htm请各位同学参加了解。如有招生相关问题，请联系0451-86402619",,哈工大卓越工程师学院2024年硕士研究生招生宣讲
升学,【清深宣讲】[欢兔喝彩]@所有人 清华大学深圳国际研究生院招生宣讲：计算机科学与技术项目介绍数据科学与技术项目介绍来自以上两个专业的师兄师姐分享申请经验时间：6月16日（周五）下午15：00地点：T5404欢迎大家参加,,【清深宣讲】[欢兔喝彩] @ 所有人清华大学深圳国际研究生院招生宣讲：计算机科学与技术项目介绍来自以上两个专业
升学,【清深宣讲预报名】[欢兔喝彩]@所有人 清华大学深圳国际研究生院招生宣讲： 1. 计算机科学与技术项目介绍 2. 数据科学与技术项目介绍 3. 来自以上两个专业的师兄师姐分享申请经验 时间：6月16日（周五）下午 地点后续通知 各位同学，清华深研院本周五将面向我们学院的同学们进行宣讲，内容包含保研（含夏令营）及考研（他们考408）的相关信息。据了解，清深与我们专业相关的有两个计算机科学与技术和数据科学与技术两个方向，他们的学生需求很大，也表示非常喜欢我们的同学，欢迎同学们能够申请和报考。所以，有意向保研或考研到清深，或者还在观望的同学都能去看一看、听一听，多多了解。预报名链接：[清深宣讲预报名](https://hitsz.feishu.cn/share/base/form/shrcna5TjoEOpyrgWCqSt8E34sf),,清华大学深圳国际研究生院2016年6月16日清深宣讲预报名
志愿,"【“快乐暑期 共同成长”大学生志愿者招募通知】@所有人 近日，中共深圳市委组织部、共青团深圳市委员会、少先队深圳市工作委员会联合推出“幸福生活节”系列活动——“小小科学家”夏令营，现面向全市招募大学生志愿者： 一、活动时间 第一期：2023年7月24日—7月28日 第二期：2023年7月31日—8月04日 第三期：2023年8月07日—8月11日 第四期：2023年8月14日—8月18日 每天工作时间为9:00-18:00,每人至少选报一天参加服务。 二、活动地点深圳市党群服务中心（福田区深南中路1033号档案大厦1-4层） 三、招募条件深圳各高校在校大学生，每天两名。 四、工作内容在深圳市党群服务中心协助管理夏令营课堂秩序，可随队外出参观深圳中学创新体验中心、燃气科普馆等研学基地，外出时协助老师管理学生，保障学生安全。 五、奖励激励 1.深圳市党群服务中心为大学生志愿者提供统一志愿者服装和午餐保障； 2.活动结束后，为大学生志愿者开具社会实践证明、志愿服务时长证明； 3.活动结束后，活动主办单位将对所有参加活动的大学生志愿者颁发“小小科学家”夏令营活动志愿服务证书。 六、报名链接https://www.wenjuan.com/s/fUBrue1/七、咨询电话0755-25950155`",2023年7月24日,“快乐暑期共同成长”深圳招募大学生志愿者啦！
志愿,【集体婚礼志愿者招募】@所有人 集体婚礼招募志愿者啦~欢迎大家到现场来感受甜甜的浪漫，集体婚礼将在6月10日在体育馆正式举行，志愿者报名链接和职责介绍都在收集表中，快行动起来报名吧 【腾讯文档】集体婚礼志愿者招募 https://docs.qq.com/form/page/DVmZPWE5QR3dsbnBp,,集体婚礼志愿者招募| @ 所有人
志愿,【X9高校赛艇春季赛-大学城站比赛观众志愿者招募】@所有人 X9高校院所联盟赛艇竞赛春季赛收官之战来啦！前两站竞赛中我们校区赛艇队取得了非常优异的成绩，目前我们的累计积分排名第三，本周六让我们继续一起见证哈工大（深圳）赛艇队再创佳绩，一起来为我们的同学、老师们呐喊助威吧！！！周六，我们不见不散！时间：6月3日（本周六）上午 7：30-10:00地点：大学城管理办公室附近河岸哈工大啦啦队区域内容：为咱们赛艇队加油呐喊！激情观赛！招募人数：40人（欢迎没有报上名的同学现场观看~）志愿者要求：1、着白色校服T恤和深色长裤2、按时到达集合地点3、带着热情来为校区赛艇队员加油打气参与福利：1、第一视角观看赛艇比赛2、记录义工时长3、提供矿泉水和驱蚊花露水心动不如行动，请有兴趣的同学扫码进群，具体的安排将在群里通知，哈工大（深圳）赛艇队期待你的摇旗呐喊！,,x9 高校赛艇春季赛-大学城站比赛观众志愿者招募
志愿,【计算机学院校友乒乓球友谊赛志愿者招募】@所有人 共需招募志愿者5人地点：信息楼18楼时间：6.11（周日）15:00-17:00工作：执裁比赛，维护比赛秩序【荔园再会·毕业生&校友草地音乐会志愿者招募】共需招募志愿者26人地点：悠然见荔园（麦当劳对面草地）1.布置现场组10人时间：6.11（周日） 15:00-17:00工作：搬运物资、布置现场2.活动现场组6人时间：6.11（周日） 19:30-21:30工作：维护现场秩序3.整理现场组10人时间：6.11（周日）21:30-22:30工作：整理现场、搬运物资福利：录入相应义工时，且有精美小礼品赠送～有意向者请扫码进群，填写群公告报名表,,【荔园再会毕业生& 校友草地音乐会志愿者招募】共需招募志愿者26人
志愿,【2023年宝安暑期挂职锻炼通知】@所有人 各位老师，经与宝安团区委沟通，今年校区将继续组织实践团队赴宝安各街道社区进行暑期挂职锻炼。请通知有意向同学在7月12日（星期三）20:00前先和我私聊，按要求提交电子版材料（附件1、附件2），纸质版材料（附件3）给我，要求以学院为单位汇总上报，不接受学生个人报名。相关通知请见：http://info.hitsz.edu.cn/content.jsp?urltype=news.NewsContentUrl&wbtreeid=1023&wbnewsid=3947,,2023年宝安暑期挂职锻炼通知
志愿,【志愿者招募】@所有人 各位同学，今晚要整理学院仓库啦~现招募志愿者10人左右协助学生会办公室部门的小伙伴完成整理，可以录入义工时，提供饮用水，欢迎热心的你填表加入[送心] 集合时间、地点：6月30日晚19：00，信息楼一楼集合 【腾讯文档】学院仓库整理志愿者-0630 https://docs.qq.com/sheet/DVm9DUnVXVGNLa2Vx?tab=BB08J2,,【志愿者招募】@ 所有人各位同学，今晚要整理学院仓库啦现招募志愿者10人左右协助学生会办公室部门的小伙伴
志愿,招募志愿者啦！@所有人 【平山社区与哈工大（深圳）计算机科学与技术学院团委共建活动系列——社区小学生入校园参观活动】 活动时间：7月1日上午9：45-12：00 活动地点：哈尔滨工业大学（校园内） 志愿者招募人数：10人 面向学生年级：4-6年级同学 工作主要内容：7月1日从一路门陪同小学的同学参观校史馆，协助组织教室宣讲的秩序维护 报名链接： 【腾讯文档】志愿者报名-社区小学生入校园参观活动 https://docs.qq.com/sheet/DR29oUEt1RU5RTWZk?tab=BB08J2,,平山社区与哈工大（深圳）计算机科学与技术学院团委共建活动系列——社区小学生入校园参观活动
志愿,【“引航未来”职业体验团-无锡市梁溪区暑期活动通知】@所有人 各位同学，暑期无锡市梁溪区开展青年工程师训练营活动，邀请我校学生参加，具体内容详见以下文件，请各位同学感兴趣的向我提交材料。 【材料提交时间：6月29日21点】（需向本部提交，过时不候~） 江苏籍 或 数字经济相关专业（电信/计算机/j机电等学院）,,“引航未来”职业体验团-无锡市梁溪区暑期活动通知
志愿,【博士生毕业典礼活动志愿者招募】为保障校区博士生毕业典礼顺利进行，现招募活动志愿者。请各位老师帮忙转发一下，谢谢！【活动时间】2023年6月18日周日下午14：00【活动地点】活动中心【招募人数】8位志愿者＋两位礼仪同学【活动内容】礼仪同学：嘉宾接待、颁奖等志愿者同学：秩序维护、道具搬运、现场布置、学位授予等注意事项】彩排：典礼彩排将在本周日上午进行，具体时间待定服装要求：白色T恤打底，外面穿红马甲，深色裤（裙）子，深色鞋子。【志愿者福利】：录入义工时请感兴趣的同学入群了解详情,2023年6月18日,【博士生毕业典礼活动志愿者招募】为保障校区博士生毕毕典礼顺利进行，现招募活动志愿者。
心理,【校区心理健康教育与发展中心助教/助管招新啦】@所有人 ：如果你也想有效利⽤课余时间学习更多⼼理学专业知识；如果你也想投⾝⼼理中⼼公众号运营，把创意创想融⼊⼯作；如果你也想与⼼理咨询师近距离接触，与学弟学妹们亲切交流。那么不要犹豫，快来加⼊我们吧〜 心理相关课程助教（7名）：1、性格和善，乐观向上，作为学⻓愿意为学⽣服务，有志愿和奉献精神；2、和⾃⾝学习时间不冲突；3、敬业爱岗，有主动⼯作意识；服从⼯作安排，优质⾼效，具有团队协作精神。 心理中心助管（3名）：1、性格和善，乐观向上。 2、敬业爱岗，责任⼼强，⼯作态度认真。服从⼯作安排，优质⾼效； 3、具有良好的沟通能⼒和处理问题的能⼒。 公众号编辑岗位要求（4名）：1、有创意、有想法，⽂笔流畅、有⽂案编辑功底和⾃⼰的审美追求；2、对⼼理学感兴趣并愿意学习更多相关知识，善于发现和记录⽣活中的⼩美好；3、关注社会以及校内时事，对⼤学⽣普遍的⼼理健康状态有⼀定认知；4、认真负责，善于沟通，性格和善，乐观向上。欢迎各学院优秀本科⽣和硕⼠⽣扫码报名参加，初审通过后将会联系你哦~一经录用，将按800/月发放补助。招满即⽌！ 联系人：周老师，邮箱[460243573@qq.com](mailto:460243573@qq.com),,【校区心理健康教育与发展中心助教/助管招新啦】@ 所有人：如果你也想有效利课余时
灾害,各位同学:@所有人 接到学校通知，南海热带低压已于7月15日上午加强为今年第4号台风“泰利”。预计“泰利”未来还将迅速增强，最强可达强台风级（14级），并将于17日夜间到18日早晨在海南岛东部到广东西部一带沿海登陆，预计登陆时强度为台风级或强台风级。省防总于7月15日12时启动防风Ⅳ级应急响应，并于22时将防风应急响应等级提升至Ⅲ级。请届时不外出，关紧门窗，一定注意安全。校外居住学生要特别叮嘱。,,紧急通知! 南海热带低压加强为今年第4号台风“泰利”
灾害,[风雨雷电！台风“泰利”来了！](https://mp.weixin.qq.com/s/Lp9RqTHeHkqwQF1Jz3rBWw)各位同学，以上为近日台风预警信息，目前是蓝色预警信号。@所有人 请在校同学台风期间尽可能不外出，在室内按指引做好防护。必要的外出一定注意出行安全，远离风险地段，尤其近日返乡的同学一定注意交通安全。,,风雨雷电！台风“泰利”来了！
作业与考试,@所有人 【温馨提示-认识实习报告提交】 各位同学好，请查收认识实习报告模板，大家可以开始填写相关内容，写完后请在7月10日（今天）23:59前提交到[rzsx_hitsz@163.com](mailto:rzsx_hitsz@163.com)。邮件/文件命名：“学号+姓名”,,[rzsx hitsz@ 163. com] 认识实习报告模板
作业与考试,@所有人 【认识实习报告提交】 各位同学好，请查收认识实习报告模板，大家可以开始填写相关内容，写完后请在7月10日23:59前提交到[rzsx_hitsz@163.com](mailto:rzsx_hitsz@163.com)。邮件/文件命名：“学号+姓名”,,认识实习报告提交：7月10日23: 59 前提交到[rzsx hitsz@ 163. com]
作业与考试,各位同学大家好。为了帮助同学们准备和复习明天的电路考试，我们将会开展一次【线上答疑】： 🔴时间：提问时间不限，集中答疑时间15：20-16：20、18：30-19：30、20：30-21：30、22：30-23：30 🔴主题：针对电路考试的相关答疑在群里同学们可以互相解答问题，也会有专门的同学负责答疑，希望大家能借此机会在考前解决掉所有的疑惑，充分迎接考试。欢迎大家进群提问，遇到能解答的问题，也可以帮助同学们解答哦（没有报名解答志愿者的同学可以以解答的问题核算志愿时长）。预祝同学们考试顺利,,【线上答疑】针对电路考试的相关答疑
作业与考试,【四六级考试--通知】@所有人 6月17日，我校考点将有考生参加全国大学英语四六级考试，以下请大家注意： 1. 考试时要遵守校规校纪：四、六级考试全程电子监控，监控系统与广东省教育考试院实时联通。任何违纪作弊行为将按《国家教育考试违规处理办法》（教育部令第33号）严肃处理，对涉嫌犯罪的人员直接移送司法机关； 2. 证件齐全参加考试：准考证、有效身份证件（报名时使用的身份证件）齐全才能进入考场，缺一不可； 3. 携带物品提醒：学生只可携带黑色签字笔、2B铅笔、橡皮等考试必备文具进入考场，书包、手机、手环等电子产品禁止带入考场，考场前方悬挂有电子时钟； 4. 特别提醒事项：迟到考生不得进入考场、听力部分边听边涂、正确黏贴条形码。,,四六级考试--通知：6月17日，广东科技大学考点将有考生参加全国大学英语四六级考试，以下请大家
作业与考试,今天 16:00-18:00 数据结构考试，大家注意查看考试地点信息，提前15分钟到考场@所有人,,2016年10月17日数据结构考试地点及考试时间
竞赛与机会,各位同学，首届“星闪杯”高校应用挑战赛由星闪联盟联合清华、浙大、哈工大等多所高校举办，面向有一定编程基础，对车辆控制、视觉处理、通信技术感兴趣的各年级本科生/研一学生，以个人或团队形式参赛。报名截止时间为7月15日，请感兴趣的同学联系机电学院王宏老师。其他信息详见校内通知：http://due.hitsz.edu.cn/info/1485/5071.htm,,【通知】首届“星闪杯”高校应用挑战赛7月15日举行，机电学院王宏老师等你来参赛
竞赛与机会,各位同学，2023年中国大学生工程实践与创新能力大赛报名已开始，竞赛面向本科生，以团队形式、以学校为单位报名。感兴趣的同学请阅读校内通知（http://due.hitsz.edu.cn/info/1485/5033.htm）了解更多信息。,,2023年中国大学生工程实践与创新能力大赛报名开始
竞赛与机会,@所有人 HAI（高性能人工智能）课题组招聘本科项目实习生，主要工作内容为利用自动机器学习技术搜索优化用于双目视觉和三维重建任务的深度学习网络模型，并部署在多种应用场景（云GPU，消费级GPU和边缘设备），效果显著的前提下可以发表学术论文。项目会根据同学的具体工作量发放酬劳。课题组氛围好，项目导师亲自指导项目实践，要求进项目组的同学具备一定编程能力，认真负责，主动积极学习，对三维视觉和人工智能领域有浓厚的兴趣。 项目导师：王强（http://faculty.hitsz.edu.cn/wangqiang） 联系方式：[qiang.wang@hit.edu.cn](mailto:qiang.wang@hit.edu.cn),,所有人hai（高性能人工智能）课题组招聘本科项目实习生，主要工作内容为利用自动机器学习技术搜索优化用于双目视觉和
竞赛与机会,大家好@所有人 2023年9月份即将举办全国大学生数学建模竞赛，请感兴趣的同学，可以联系我院陈勇勇老师，陈老师目前是我院数学建模的指导老师和负责老师，2022年指导我院本科生获得全国一等奖3队，全国二等奖1队[冲！] 陈老师邮箱：[cyy2020@hit.edu.cn](mailto:cyy2020@hit.edu.cn),,2023年9 月份即将举办全国大学生数学建模竞赛，请同学们感兴趣的同学，可以联系我院陈勇勇老师
竞赛与机会,【华为奖学金评选标准】@所有人 同学们： 2023年“华为奖学金”评选标准（暂定版）请查收，该版本为华为技术有限公司暂定版，具体以最终正式公布为准。有意向报名的同学可提前准备[奋斗],,2023年华为奖学金评选标准（暂定版）请查收，该版本为华为技术有限公司暂定版
竞赛与机会,大家好，2023年9月份即将举办全国大学生数学建模竞赛，请感兴趣的同学，可以联系我院陈勇勇老师，陈老师目前是我院数学建模的指导老师和负责老师，2022年指导我院本科生获得全国一等奖3队，全国二等奖1队。 陈老师邮箱：[cyy2020@hit.edu.cn](mailto:cyy2020@hit.edu.cn) 感兴趣数学建模的同学，可以加入 QQ群：771043519@所有人,,2023年9 月份即将举办全国大学生数学建模竞赛
竞赛与机会,各位同学，2023年深圳零一学院暑期学校活动将于7月24日-8月12日期间举办。为帮助同学们了解零一学院和暑期学校、促进双方交流，零一学院将于6月9日（本周五）19:30在H408教室举办宣讲活动，欢迎感兴趣的同学，尤其是理工类专业大一、大二年级同学参与！活动安排、活动交流群等信息，详见校内通知,,2023年深圳零一学院暑期学校活动将于7月24日-8月12日举办
竞赛与机会,随着量子科技的迅猛发展，许多高校都开始加大对相关人才培养的重视。由深圳市计算机学会、香港电脑教育学会、澳门电脑学会联合主办，哈尔滨工业大学（深圳）、“科创中国”深圳量子信息科技服务团承办的第二届“量旋杯”大湾区量子计算挑战营正在报名中。报名详情请见：https://mp.weixin.qq.com/s/3CweFbVG9tA948vG45LA9Q 活动咨询微信：张老师，SZCCF2020,,第二届“量旋杯”大湾区量子计算挑战营报名中
竞赛与机会,【第十届“创青春”粤港澳大湾区青年创新创业大赛暨交流营】@所有人 各位同学， 第十届“创青春”粤港澳大湾区青年创新创业大赛暨交流营通知已挂网（http://info.hitsz.edu.cn/content.jsp?urltype=news.NewsContentUrl&wbtreeid=1023&wbnewsid=3840），请符合条件的创新项目于6月30日前通过大赛专门报名页面（[www.gdqncxcy.com](http://www.gdqncxcy.com)）进行报名。项目报名后，请将项目汇总表（附件2）、商业计划书及其他相关材料打包发送至[hitszcstw@163.com](mailto:hitszcstw@163.com)。,,第十届“创青春”粤港澳大湾区青年创新创业大赛暨交流营
竞赛与机会,各位同学，深圳科创学院2023夏季科创营将于7月24日-8月20日期间举办。为帮助同学们了解科创学院和科创营，科创学院团队将于6月16日（本周五）14:00在H313教室举办“未来创业者沙龙”宣讲会，欢迎对科创感兴趣的同学（本研均可）参与！活动信息、活动报名方式等信息，详见校内通知：http://due.hitsz.edu.cn/info/1488/5052.htm,,深圳科创学院2023 夏季科创营宣讲会通知
竞赛与机会,【创新南山2023“创业之星”大赛】@所有人 可发动成长企业组（企业成立于2018年1月1日后）、初创团队组（尚未注册的）报名参赛，大赛奖金约920万元，分为行业赛奖、悬赏挑战赛奖、国际赛奖、市外赛奖、总决赛奖和单项奖六部分，对每个获奖企业及团队奖励金额总额不超过100万元。截止日期为2023年6月16日，登录报名网站https://www.inanshan.org.cn/star进行报名。 详细信息请见：[奖金超900万元，深圳这场大赛“含金量”超高！详情公布](https://mp.weixin.qq.com/s/LNb6yupv0GMaVUqvqTR2lA),2018年1月1日,奖金超900 万元，深圳这场大赛“含金量”超高！详情公布
竞赛与机会,\#互联网+、深创赛招募AiR AR头显项目找队友啦！核心团队来自THU、HIT，项目团队成立已有10个月，已经迭代第2版样机，目前已获得10万港币启动资金、入围“共赴未来”创业大赛全国总决赛、清华校友三创赛智能制造赛道晋级赛、HICOOL全球创新创业大赛晋级赛。如果你愿意承担下面的任一项工作，并且愿意成为团队一员，请留下联系方式（硬件相关工作暑假需要线下留校）：【SLAM】📕有计算机视觉经验或者愿意学习（可线上）【OS及驱动】🖊愿意学习编写Linux的底层硬件驱动，有操作系统，相关竞赛经历优先【市场】⚖有c端或b端电子产品、机械产品销售经验优先【商务】💸AR相关企业有一定了解，参与过智能硬件投融资、或有深圳科创学院等机构实习经历优先【供应链】📌对消费电子产品供应链较熟悉【机械结构】⚙愿意学习使用solidworks和creo，有机创比赛经验优先【工业设计 】✏愿意学习使用rhino（犀牛）【光学】👓愿意学习光学成像算法和AR光学方案\*另外，本科生优先，因为互联网+国赛获奖有保研加分如果你对我们的项目感兴趣，请留下你的联系方式，允许我做一些更详细的介绍。我们还会安排双向展示（路演展示和新成员介绍），以及产品试戴~我们不是苹果，但是大家能试用真正的产品,,# 互联网+、深创赛招募air ar头显项目找队友啦！
企业参观与就业,【名企职通车No.4——深圳计算研究院】 各位同学，2023年7月6日，职点生涯工作室“2023名企职通车”第四辆开往【深圳计算研究院】，欢迎同学们报名。限额30名，先到先得，谢谢！ 当天安排： 时间：2023年7月6日9:00-12:00 地点：深圳计算研究院 参访行程： 9：00-9：30 哈工大（深圳）平山一路校门集合乘车前往深圳计算研究院 9：30-10：00 参观展厅 10：00-10：20 参观办公场地 10：20-11：40 学术交流座谈 11：40-12：00 返程 座谈交流内容： 1.采石矶、钓鱼城系统介绍 — 解决卡脖子难题 2.崖山数据库系统介绍 — 全自研国产数据库的前世今生 3.技术官分享 — 如何武装自己的知识技术储备 4.师兄师姐现身说法 — 深算院让我成长让我飞 5.人力讲解就业技巧 — 如何选择就业平台 请同学们填写文档报名，报名成功后请一定加入“职通车”微信群。（文档设置了填写份数，填写提交成功即报名成功） 【腾讯文档】名企职通车No.4——深圳计算研究院参访报名 https://docs.qq.com/form/page/DWkpLUXd2ckFlVERB,2023年7月6日,名企职通车no. 4——深圳计算研究院参访报名
企业参观与就业,【名企职通车No.3——海康威视深圳业务中心】 各位同学，2023年7月5日下午，职点生涯工作室“2023名企职通车”第三辆开往【海康威视深圳业务中心】，欢迎同学们报名。限额30名，先到先得，谢谢！ 当天安排： 时间：2023年7月5日13:30-17:00 地点：海康威视深圳业务中心 参访行程： 13:30-14:00哈工大（深圳）平山一路校门集合，乘车前往海康威视深圳分公司 14:00-14:30参观企业展厅 14:30-15:00行业大咖分享（企业介绍+行业发展观） 15:00-15:30面试技巧对对碰 15:30-16:00现场模拟面试 16:00-16:30校友直通车 16:30-17:00返程 Tips：同学们感兴趣可以自带简历，现场模拟面试 请同学们填写文档报名，报名成功后请一定加入“职通车”微信群。（文档设置了填写份数，填写提交成功即报名成功） 【腾讯文档】名企职通车No.3——海康威视深圳业务中心参访报名 https://docs.qq.com/form/page/DWkF1Wmt5c0xFd0hp,2023年7月5日,名企职通车no. 3——海康威视深圳业务中心参访报名
企业参观与就业,【腾讯 - 暑期实习投递意向调研】@所有人 六月啦！先祝大家六一快乐！🎉🎉 为了未来能给大家提供更精准和高效的求职体验，我们计划对当下在校学生的求职选择做个调研，问卷时长 1 分钟，动动手指即可有机会抽取精美礼品～ ✨期待同学们的参与！ ⚠️本问卷为匿名形式，只用于求职调研，请大家放心作答！ [暑期实习投递意向调研问卷](https://wj.qq.com/s2/12454976/2c82/) ps. 腾讯实习生招聘启动至今仍有部分岗位在招，欢迎大家登录 [join.qq.com](http://join.qq.com/) 投递！,,腾讯-暑期实习投递意向调研
企业参观与就业,【名企职通车第一辆——招银网络科技】@所有人 各位同学，职点生涯工作室“2023名企职通车”第一辆开往【招银网络科技】，欢迎同学们报名。限额30名，先到先得，谢谢！当天安排：13:00哈工大（深圳）西南门（平山一路校门）集合13：30-14：00 抵达招行信息研发大厦（招银网络科技）14：00-14：50 招银金融科技展厅：顶尖Fintech平台一探究竟14：50-15：30 大咖分享：金融IT圈的好雇主（含校招秘籍）15：30-16：30 模拟面试：招银职场大课堂技术面试实战16：30-17：00 学姐分享：我的校招转身最佳实践17：00-17：30 招行自助食堂就餐及返校请同学们填写文档报名，报名成功后请加入“职通车”微信群。（文档设置了填写份数，填写提交成功即报名成功）【腾讯文档】名企直通车第一辆——招银网络科技参访报名https://docs.qq.com/form/page/DWnhrbllHUUVDeGZ5,,【名企职通车第一辆——招银网络科技】@ 所有人
企业参观与就业,【名企职通车第二辆——思为科技】@所有人 各位同学，职点生涯工作室“2023名企职通车”第二辆开往【思为科技】，欢迎同学们报名。限额30名，先到先得，谢谢！当天安排：9:00哈工大（深圳）西南门（平山一路校门）集合前往思为科技（南山区达实大厦35楼） 大咖： 思为科技CEO 彭双全(数字化营销行业开创者) 思为科技HRD 宋丽丽（资深职业规划导师） 议程： 1、公司环境介绍 15min 2、互动游戏 30min 3、CEO分享 30min 4、技术交流 15min 5、圆桌讨论 15min 6、公司午餐 30min 返程请同学们填写文档报名，报名成功后请加入“职通车”微信群。（文档设置了填写份数，填写提交成功即报名成功）【腾讯文档】名企职通车第二辆——思为科技参访报名 https://docs.qq.com/form/page/DWk16d2hRZGdpSGtX附：思为科技公司介绍 思为科技成立于2011年，总部位于深圳，是一家致力于用领先技术驱动不动产营销数字化升级的SaaS服务商，聚焦营销获客-连接-洞察-运营-转化全链路，从消费端重塑业务流程，推动行业从以“货”为中心的“信息化”，向以“人”为中心的“数字化”迈进。围绕用户增长，用户洞察，和用户运营，拉通策销渠一体，打造整套的客户全生命周期管理系统。目前，思为科技产品在百强国央企开发商覆盖率超90%，在千亿级开发商覆盖率超95%，并与超过半数的TOP20开发商达成集团、区域营销数字化的深度合作。 2022年8月，思为科技与中科院深圳先进院共建“元宇宙空间计算”联合实验室，未来3年，双方将依托彼此的资源优势，围绕泛房地产行业，结合三维建模、大数据、AI、区块链、GIS、遥感等技术在智慧孪生城市等可视化与数字化方向的应用，大力投入于对接国家发展数字孪生城市的产业需求的探索和应用上。思为科技将致力于成为国家产业互联网升级转型的助推器，为全面建设数字中国助跑。,,【名企职通车第二辆——思为科技】@ 所有人
企业参观与就业,@所有人 【腾讯hr】各位同学，今天腾讯认识实习的演讲人是腾讯的hr翟醒卉老师，有需要的同学可以扫描如下二维码加翟老师微信[抱拳],,今天腾讯认识实习的演讲人是翟醒卉老师，有需要的同学可以扫描如下二维码加翟老师微信[
企业参观与就业,【讲座信息】@所有人 选调训练营——山东省&山西省基层选调工作经验分享讲座预告： 活动时间：6月28日（星期三）18:30-20:30 参与方式：腾讯会议 活动入口： 会议号 872-611-078 会议密码 230627,,【讲座预告】@ 所有人选调训练营——山东省& 山西省基层选调工作经验分享
企业参观与就业,欢迎有意向的同学联系参与@所有人 密码与编码实验室(CCLab)主要从事密码基础理论、安全多方计算、零知识证明、拜占庭共识、编码理论与技术方面的研究，在国际顶级会议和期刊上发表多篇学术论文。 实验室立志做“顶天立地”的研究，既着眼密码学和理论计算机的高难课题，又立足国家经济社会发展和学生就业需求。实验室的研究成果得到了产业界的高度关注，两项发明专利获得成果转化（http://sailing.hitsz.edu.cn/info/1023/1262.htm），转化金额500万元，实验室还牵头成立了两项校企联合实验室(https://www.hitsz.edu.cn/article/view/id-141309.html)。 实验室与百度、腾讯、字节、华为等头部企业保持密切的联系和学术合作，拥有丰富的实习和就业资源，优秀学生可推荐实习和就业。 欢迎对我们研究有兴趣的同学联系[fuximing@hit.edu.cn](mailto:fuximing@hit.edu.cn)。由于我们研究对数学要求较高，希望你成绩优异或者数学成绩优异。,,欢迎有意向的同学联系参与@ 所有人密码与编码实验室(cclab)
生活,【转：深圳大学城管理服务中心关于暂停一卡通微信充值功能的通知】@所有人 各位同学好，深圳大学城管理服务中心将于2023年6月30日22：00暂停一卡通微信充值功能，并对深圳大学城校园一卡通系统将进行升级维护。维护时间暂定为2023年7月1日至7月30日 ，更多信息见附件。,2023年6月30日,转：深圳大学城管理服务中心关于暂停一卡通微信充值功能的通知
生活,【转发：组织部助管招募公告】@所有人 各位同学好，因党委组织部工作需要，需招募2名学生助管。该学生每月需线下来办公室值班36小时（具体值班时间可根据该同学的课余时间决定），每月津贴800元。 有意报名者请于6月28日（下周三）17:00前将个人简历和能上岗时间发送至邮箱:[200110710@stu.hit.edu.cn](mailto:200110710@stu.hit.edu.cn)，（本科生需征得辅导员同意，提前与我联系沟通 ）,,转发：组织部助管招募公告
生活,各位同学，明天将举行全国大学英语四、六级考试，根据考试院相关要求，考前需对如下考场进行布置和封闭http://due.hitsz.edu.cn/info/1040/5054.htm，请同学6月16日（周五）18:00前将存放在教室内的个人物品带走，18:30起开始进行考场布置和封闭，届时未收走的物品将会被清理。6月17日（周六）18:00起教室恢复开放，感谢同学们的配合，预祝同学们都考出好成绩,,6月17日（周六）18: 00起教室恢复开放，感谢同学们的配合，预祝同学们都考出
生活,【“平安社区 幸福万家”主题活动】@所有人 各位同学好： 6月是我国的安全生产月，为了提升安全防范意识和能力，校区将于6月15日14：30至16：30在A栋广场开展“平安社区 幸福万家”主题活动。活动包括知识问答、消防器具的使用学习、逃生屋体验等精彩寓教于乐的活动，参与者都将获得小礼品一份，请同学们积极参加。[欢兔喝彩],,“平安社区幸福万家”主题活动
生活,【“重拾童年乐趣”心灵gdb活动】@所有人 各位同学，下午的心灵gdb活动已经准备就绪，今天下午2点，信息楼14楼，期待各位同学们一起来玩哦～,,【“重拾童年乐趣”心灵gdb 活动】@ 所有人各位同学，下午的心灵gb 活动已经准备就绪，
生活,【“时代有我 禁毒有声”】@所有人 南山区桃源街道2023年度“时代有我 禁毒有声”上短视频+海报评选大赛【奖品设置】 一等奖短视频组、海报组各1个作品 短视频3000元 海报600元（含税）二等奖短视频组、海报组各3个作品 短视频2000元 海报300元（含税）三等奖短视频组、海报组各4个作品 短视频1000元 海报150元（含税）最佳人气奖短视频组、海报组各4个作品 每个可获得价值100元定制礼+荣誉证书【活动日程】1.活动启动 预热宣传：5月30日——6月1日2.参赛报名 作品筹备：5月30日——6月18日3.线上评选 校方推送：6月18日——6月21日4.赛前预热 有奖互动：6月26日 13:30——14:45（暂定）5.现场比拼 颁发荣誉：6月26日 15:00——17:30（暂定）6.剪辑成片 持续宣传：6月27日——【报名方式】以“时代有我 禁毒有声”为核心内容制作时长60s-120S的禁毒宣传创意短视频或者创意海报，通过活动海报获取并添加校方活动负责人联系方式，发送【短视频作品+参赛报名申请表+创意说明】到活动负责人邮箱，即完成活动报名。参赛要求：短视频作品要求团队创作（6人及以上），海报作品无限制。【作品标准】1.符合禁毒宣传教育领域统一标准及相关宣传要求2.符合广告法及国家禁毒宣传的相关法律法规、不违法且文明用语、内容基本导向明确、传递正能量为主3.作品超过50%以上的内容是以禁毒宣传教育相关，内容与主题明确、立意及构思清晰4.没有抄袭或伪原创他人创意，坚持创作者本人原创为主【更多具体详情，请扫描海报二维码H5链接查看】,,“时代有我禁毒有声”上短视频+海报评选大赛
生活,【校园文化差异问卷调查】@所有人 为了进一步优化未来的工作，希望大家能够填写一份关于校园文化差异感问卷，反馈一下自己的相关感受，谢谢同学们！问卷一共有8道选择题，1道主观题，很快就可以填完，谢谢大家！问卷是匿名的，大家放心写，就是为了调查情况 https://www.wjx.cn/vm/OA0Gyc5.aspx#,,关于校园文化差异感问卷，大家放心写，就是为了调查情况
生活,升旗仪式温馨提示 @所有人 根据天气预报，6月7日明早可能会下雨，提醒参加升旗仪式的学生代表出门带好雨具，仪式现场也备有简易雨衣，会发放给有需要的同学。如遇大雨，校区会启动应急预案，调整至大学城管办联廊举行仪式。 感谢同学们的积极参与和大力支持，让我们以饱满的热情和良好的精神面貌迎接学校建校103周年。,,升旗仪式温馨提示@ 所有人(图)
升学,【名校宣讲月第六场—北大深圳研究生院场】【最后一场】@所有人 时间：5月17日 星期三 18:30地点：T5-607目标学院：材料、计算机、电信、环境能源等。汇丰商学院的金融和国法的非法学基本不限专业，也欢迎理工科学生报考。详情请见海报，欢迎同学们到场咨询,,名校宣讲月第六场——北大深圳研究生院场（5月17日星期三18: 30 地点t5-607）
升学,【名校宣讲月第四场-浙江大学专场】 时间：5月14日18:30 地点：T5-304 详细内容见海报，欢迎同学们积极参加,,名校宣讲月第四场-浙江大学专场
升学,​ 香港中文大学（深圳）秉承与发扬香港中文大学的优良学术传统，保持与香港中文大学一致的学术水平，大学采用香港中文大学的学术质量控制和学位颁授标准。香港中文大学2023年QS世界大学排名全球第38位，泰晤士高等教育世界大学排名全球第45位。我校毕业生将被授予香港中文大学颁发的国际通行的学位证书，可获教育部留服中心学历学位认证。,,香港中文大学（深圳）学位颁授标准及国际通行学位认证
升学,【名校宣讲月第三场国防科技大学】时间：5月12日 星期五 18:30地点：T5-304各位同学，明晚国防科技大学进行研究生招生宣讲，请对国防科技大学感兴趣或有意向的同学积极填写飞书问卷报名，名额有限，先到先得。[名校宣讲月第三场（国防科技大学）报名](https://hitsz.feishu.cn/share/base/form/shrcnFjZ3JIPaZSOxPwZq081bEb),,名校宣讲月第三场（国防科技大学）5月12日星期五18: 30 地点：t5-304
升学,【首场研招宣讲】@所有人 名校宣讲月第一场——清华大学深圳国际研究生院 数字与信息研究院 时间：5月9日 18:30 地点：T5-304 学院：计算机学院、电信学院、机电学院、理学院。也欢迎其他学院学生听讲座。 欢迎感兴趣的同学可以到场[欢兔喝彩],,5月9日清华大学深圳国际研究生院数字与信息研究院首场研招宣讲
升学,如有对机器人各方向感兴趣的小伙伴，或者想内推其它方向的小伙伴，可直接联系工大学长微信：superchaogao 。更多内容请见：https://mp.weixin.qq.com/s/SbJz9hzaaYDftQktzO70Qw本次夏令营主要机会在于：1.与相关领域专家、导师直接合作，共享清华大学及合作伙伴的优质科研资源；2.获得科研成果落地转化指导、发表顶级学术期刊/会议论文（作者顺序按照贡献排序)；3.根据实际表现收获相关导师推荐（包括但不限于推荐信）；4.附校内合作导师，研究内容可后续延伸至毕业设计&硕士课题。与相关导师进一步深入交流关于海内外研究生、博士项目的申请（表现优异者有机会获得博士预录取）；5.参与国内外知名院校导师主办的讲座、论坛、竞赛活动；6.与一群和你同样优秀的小伙伴同向同行，共同进步。对于机器人方向 我们更希望找愿意沉下来做实际能落地的科研、技术和工程工作的小伙伴 而不是奔着刷paper的目的和心态来参加 坚持做难而有意义的事情,,工大学长微信：2016年清华大学机器人项目夏令营报名啦！（内有福利哦）| 工大长微站
志愿,@所有人 【关于开展2023年希望小学爱心支教志愿者招募工作的通知】 2023年希望小学爱心支教即将开始，通知详见：http://info.hitsz.edu.cn/content.jsp?urltype=news.NewsContentUrl&wbtreeid=1023&wbnewsid=3660,,2023年希望小学爱心支教即将开始，通知详见：http: //info. hitsz. edu. cn/content
志愿,咱们学院计划录一期五四合唱视频，招募一下合唱志愿者，参与的同学能加志愿时长。 第一次磨合时间是5月4日（明天）下午14.00-16.00，歌曲暂时没有决定，由参与的同学投票选择。 如果有意向参与五四活动的话，就进入群聊吧～,,咱们学院计划录一期五四合唱视频，招募一下合唱志愿者，参与的同学能加志愿时长。第一次磨合时间是5
志愿,【计算机学院心灵gdb嘉年华志愿者招募】@所有人 为活跃校园文化生活，提升学院师生心理素质，缓解压力，学院将于6月1日举办“重拾童年乐趣”计算机科学与技术学院心灵GDB嘉年华活动。届时现场有多种妙趣横生的心理创意活动和小游戏。现招募志愿者，具体如下：1.活动时间：6月1日（14：00-17：00）2.活动地点：信息14楼大厅和天台3.人数：（1）现场布置志愿者 5人工作时间：10:00-14:00工作内容：负责活动前布置活动场地（2）活动打卡点志愿者 16人工作时间：13:30-17:30工作内容：主要负责每个小游戏打卡点的任务，协助同学们进行游戏以及给同学们打卡盖章，其中需要有2人会使用相机拍照（3）奖品发放志愿者2人 工作时间：13:30-17:30工作内容：负责根据同学们的积分发放对应奖品4.志愿者福利：活动记录义工时报名请扫码进群：,,【招募】计算机学院心灵gdb 嘉年华志愿者招募
志愿,【心理情景剧复赛志愿者招募】@所有人 各位同学，心理剧复赛招募志愿者，大家积极参与，助力团队夺冠！[欢兔喝彩]现招募心理情景剧志愿者10人，主要工作是心理情景剧复赛表演物资搬运（由后台搬至舞台，共2张桌子、7把椅子、1个门框）志愿服务时间：5月29日彩排 10:20-11:20（暂定）5月30日复赛 18:30-20:30志愿者福利：志愿时长报名请加群，欢迎同学们积极报名，谢谢！,,【招募志愿者】心理情景剧复赛志愿者招募
志愿,【5.28校庆视频拍摄志愿者招募】@所有人 为迎接哈工大（深圳）21周年校庆，计算机科学与技术学院将于5月28日进行校庆视频录制，现招募有意愿参与视频录制的志愿者。活动时间：5月28日上午10:30-12:00志愿者福利：义工时长要求：此次校庆视频录制内容为歌曲“最初的梦想”，形式为合唱，请有意愿参与校庆视频拍摄的同学提前学会演唱“最初的梦想”，不要跑调哦～其余细节后续将在报名群里公布，请有意愿参与视频录制的同学进群填写在线报名表～录制后的视频将于6月7日发布，期待看到你的镜头【腾讯文档】校庆视频志愿者征集https://docs.qq.com/form/page/DUGx4eVNsY3J1dHR1,,5.28 校庆视频志愿者招募| 迎接哈工大（深圳）21 周年校庆，计算机科学与技术学院将于5月28日进行
志愿,【深圳市五四文艺汇演志愿者招募】@所有人 各位同学：深圳市五四文艺汇演将于5月28日下午15:00在活动中心举办，目前需要招募大量志愿者！活动信息如下：活动安排：5月28日本周日下午15：00 地点：活动中心活动前一天：需要30人布置会场，5月27日上午10:00在活动中心就位；活动当天：需要28人帮忙，主要工作是：秩序维护、道路指引、对接市学联、后台帮忙，5月28日上午10:00到活动中心参加培训，现场确定人员安排，下午14:00就位。志愿者福利：按照服务时长加义工时，志愿服务证书，直接获得入场资格。有意向报名的同学扫描二维码加入qq群，填写群公告报名表～,,【招募】深圳市五四文艺汇演志愿者招募（5月28日下午15：00在活动中心举办，目前需要招募大量志愿者！
志愿,关于开展2023年希望小学爱心支教志愿者招募工作的通知http://info.hitsz.edu.cn/content.jsp?urltype=news.NewsContentUrl&wbtreeid=1023&wbnewsid=3660 支教时间：2023年5月31日--6月14日 @所有人 有意向参与的同学请今天下午一点之前和我联系,2023年5月31日,关于开展2023年希望小学爱心支教志愿者招募工作的通知
志愿,【志愿者招募】@所有人 现招募心理情景剧志愿者8人，主要工作是心理情景剧表演物资搬运（由后台搬至舞台，共2张桌子、7把椅子）志愿服务时间：5月21日晚20:00-21:005月22日下午（预计为14:30-15:30之间）此项志愿服务记录志愿时长，报名请加群，欢迎同学们积极报名，谢谢！,,【志愿者招募】@ 所有人现招募心理情景剧志愿者8人
志愿,【深圳高校首届鹏城学子杯 心理情景剧大赛】@所有人 高校联队的来自深圳各大高校学生组成，因组员临时身体原因，急缺配角和后勤团队。 高校联队需要人员支持，9人。 1个播放PPT 3个灯光， 3棵大树（开场3分钟用）。（其中一名兼舞台助理，道具，全程用）， 2只蝴蝶（女生）。 预计占用时间：5月21号中午-晚上、22号白天、30号 大赛为深圳市级别，加入将有机会晋级决赛资格，有机会获得 深圳市团委和哈工大共同颁发的证书 有意向同学请联系高校联队队长，杨发灯13261151659,,深圳高校首届鹏城学子杯心理情景剧大赛
教务,2023年春季学期体质测试补测定于6月9日星期五下午15:00-17:00进行，16:40停止发卡。请各位需要补测的同学们按时到哈工大田径场参测。具体补测名单如下：https://hitsz.feishu.cn/file/Rep8bFD7dovaShxxRo1cbwLQnte,,哈工大2023年春季学期体质测试补测名单
教务,【关于2021级、2022级本科生军训时间安排的通知】@所有人 根据校区工作实际情况，充分考虑学生学业安排、假期安排等因素，经校区党委（扩大）会议研究决定，校区将于2024年1月6日-19日开展2021级、2022级本科生军训，特此通知。,2024年1月6日,关于2021级、2022级本科生军训时间安排的通知
教务,关于申报2023年澳门大学湾区联盟高校优秀学生研习班项目的通知,,申报2023年澳门大学湾区联盟高校优秀学生研习班项目的通知
教务,@所有人 【西丽湖国际科教城X9高校高端精品课上课通知】亲们，大家好，西丽湖国际科教城X9联盟共建共选高端精品课程第二次课程将于本周六开课，请通知本学院选修该门课程的同学提前十五分钟到场签到学习。 开课时间：2023年5月20日（周六）14:30 开课地点：深圳大学城国际会议中心204会议室 授课教师：清华大学深圳国际研究生院教授、深圳零一学院创始院长 郑泉水院士 课程主题：选择目标与坚持 课程简介：中国高校存在着一个普遍现象：有相当比例的毕业生对自己的人生目标感到困惑、痛苦，继而深刻影响到一生的成就和幸福。决定一生能否取得卓越成就的最大要素是什么？不是天赋，而是对高远目标的激情和不懈努力。但找到自己的激情所在，是极其困难的事；面对困境甚至不断挫败下的坚持，也极具挑战。有没有较系统的办法，来找到自己的激情所在，提升毅力呢？郑泉水院士将向广大学子介绍自身40年的学术追梦历程，并特别分享近10年来在拔尖创新型人才培养方面的大胆实践与深度研究经验。 PS：未选课但是对课程感兴趣的同学也可以去现场听课哈,2023年5月20日,5月20日（周六）西丽湖国际科教城x9 联盟共建共选高端精品课程第二次课程将于本周六开课
教务,@所有人 【大学城高端精品课延后开课通知】因赵天寿院士身体欠佳，原定于5月13日（周六）下午的共建精品课延后开课，具体时间另行通知，由此给同学们带来的不便敬请谅解 。请各位老师通知一下选课的同学们，谢谢大家,,因赵天寿院士身体欠佳大学城高端精品课延后开课通知
教务,2023年上半年全国大学英语四、六级考试报名将于今天下午17:00截止。提醒同学们：今天17:00以后系统将关闭，不能补报名。,,2023年上半年全国大学英语四、六级考试报名将于今天下午17: 00 截止。提醒同学们：
教务,2023年上半年全国大学英语四、六级考试的报名时间是5月4日10:30至5月8日17:00（上一次缺考考生的报名时间是5月7日12:00至5月8日17:00），报名网址为：https://cet-bm.neea.edu.cn/,,2023年上半年全国大学英语四、六级考试的报名时间是5月4日10: 30至5月8日
心理,为关注青少年心理健康，深圳市教育局举办第八期《谈心》直播活动，本期主题聚焦“备考赋能，坦然应考”这一话题，请全体学生在线收看。直播时间：5月19日（周五）19：30-21：00收看方式：扫码线上观看,,深圳市教育局举办第八期《谈心》直播活动(5月19日19: 30-21: 00)
竞赛与机会,各位同学好，如下是校内各竞赛信息汇总，表格中最后一列为指导教师联系方式（其中标黄部分为有计算机学院教师指导的竞赛）。请各位同学查收。竞赛汇总：https://hitsz.feishu.cn/sheets/shtcnSmiNvhRyvnA8JMGTPL0EFg 教师名录http://faculty.hitsz.edu.cn/discipline-direction?id=2&browseName=%E6%95%99%E5%B8%88%E5%90%8D%E5%BD%95&browseEnName=TEACHERS](http://faculty.hitsz.edu.cn/discipline-direction?id=2&browseName=教师名录&browseEnName=TEACHERS),,【竞赛汇总】计算机学院教师指导竞赛信息汇总（含教师联系方式）
竞赛与机会,【华为-鲲鹏应用创新大赛2023报名开启 】@所有人 比赛旨在鼓励全国企业、科研及高校开发者，基于鲲鹏全栈根技术，围绕产业真实需求，创新开发软硬件产品与解决方案，推动行业技术革新，繁荣计算产业生态。相关链接：[泰酷辣！16大区域、5大赛道、奖金1000万，鲲鹏应用创新大赛2023报名开启！](https://mp.weixin.qq.com/s/EP7R6UMiwqzThd5dDaWVwg)【华为-昇腾AI创新大赛2023报名火热启动中[广播] 】 昇腾Al创新大赛是面向Al开发者打造的顶级赛事旨在鼓励全产业开发者基于昇腾Al技术和产品打造软硬件解决方案、探索模型算法加速Al与行业融合，促进开发者能力提升。相关链接：[一图读懂 | 昇腾AI创新大赛2023报名火热启动中](https://mp.weixin.qq.com/s/LoqzZ-ZGyLThXJT_UxtxcA)各位同学，以上比赛与我们专业密切相关，难度相对不大，而且后续参评华为相关奖学金需要有这两个竞赛经历，报名的同学私聊联系我一下,,华为-鲲鹏应用创新大赛2023 报名开启
竞赛与机会,【第九届中国国际“互联网+”大学生创新创业大赛】 《教育部关于举办第九届中国国际“互联网+”大学生创新创业大赛的通知》已发（[https://mp.weixin.qq.com/s/0j9OTd3Iv4uyqNhW9e6MRA），鼓励同学们积极报名，筹备比赛项目，具体学院比赛报名截止时间待校区和省教育厅通知后另行发布，谢谢大家。](https://mp.weixin.qq.com/s/0j9OTd3Iv4uyqNhW9e6MRA），请大家把此通知转发给同学们，鼓励同学们积极报名，筹备比赛项目，具体学院比赛报名截止时间待校区和省教育厅通知后另行发布，谢谢大家。)（咱们学校很多课程项目都可以拿到省赛铜奖，请大家积极报名） 此比赛也请大家积极挖掘自己的大一立项、大创国创项目、课程项目等。积极报名@所有人,,教育部关于举办第九届中国国际“互联网+”大学生创新创业大赛的通知
企业参观与就业,【企业宣讲】中国商飞公司2023年春季校园招聘宣讲会宣讲会时间：2023-05-19 10:30-12:00宣讲会地点：H508招聘对象：本科及以上(主要面向23届、24届应届生)详细信息见：https://job.hitsz.edu.cn/xjhxq?id=f4f477920dc54d8aae42cd14ab888695各位同学，中国商用飞机有限责任公司是国家大型飞机重大专项中大型客机项目的实施主体，位于在上海交通大学隔壁，地理位置也很不错，欢迎感兴趣的同学积极报名宣讲会现场了解。报名链接：【腾讯文档】中国商飞公司宣讲会报名https://docs.qq.com/sheet/DWkViVXl4TFF2c256?tab=BB08J2,,【企业宣讲】中国商飞公司2023年春季校园招聘宣讲会
企业参观与就业,以上活动为更好提前准备观众席物资，所以采用了报名形式，有意向参与的同学请进行登记，机会难得，大家多多参与@所有人 【腾讯文档】《开源鸿蒙 开源未来》讲座&深开鸿23、24届招聘报名 https://docs.qq.com/sheet/DWlJ0cGxqbFF5Q1Fz?tab=BB08J2,,《开源鸿蒙开源未来》讲座& 深开鸿23、24届招聘报名https: //docs. qq. com/
企业参观与就业,@所有人 各位同学，学院职点生涯工作室请到“鸿蒙之父”王成录校友面向计算机学院同学作《开源鸿蒙 开源未来》主题讲座，同时，王成录校友担任CEO的深圳开鸿数字产业发展有限公司将在讲座后进行23届招聘和24届实习宣讲，现场接收简历和答疑交流。欢迎同学们到场交流。 活动时间：2023年5月10日（周三）14:50-17:00 活动地点：哈工大（深圳）信息楼L203 活动详情链接：[职点生涯工作室成立仪式暨“职点生涯讲坛”第一期开讲活动预告](https://mp.weixin.qq.com/s/dDkXpca7-KLSprcf8Oi52Q)宣讲海报如下：,2023年5月10日,【开课通知】“鸿蒙之父”王成录校友面向计算机学院同学作《开源鸿蒙开源未来》主题讲座
企业参观与就业,【深圳开鸿数字产业发展有限公司23届招聘&24届实习】@所有人 时间：2023年5月10日（周三）16:00-17:00地点：哈工大（深圳）信息楼L203,2023年5月10日,深圳开鸿数字产业发展有限公司23届招聘24届实习
企业参观与就业,为引导学生立大志、明大德、成大才、担大任，帮助学生探索适合自己的职业方向和发展路径，提升就业技能和竞争力，实现高质量就业，学院拟成立“职点生涯工作室”。现举行职点生涯工作室成立仪式，同时举办工作室品牌系列活动“职点生涯讲坛”第一期开讲，欢迎同学们参加！,,“职点生涯讲坛”第一期开讲啦！欢迎同学们参加！
生活,【深圳突发事件预警】@所有人 市气象局提醒：预计稍后将有强雷雨云团自西向东影响我市，风大雨急有雷暴，雷雨大风和暴雨黄色预警已生效，请做好防范。 请同学们注意防范，特别是外出的同学,,深圳突发事件预警：预计稍后将有强雷雨云团自西向东影响我市，风大雨急有雷暴，
生活,各位同学好，明天（5月30日）晚上6点举行本次“心理月”心理情景剧大赛的决赛，计科队伍在初赛获得了第一的好成绩，明晚的决赛也将继续呈现精彩的演出！[送心][送心][送心] 1.作为观众，参加本次活动可以有综测加分[机智] 2.演出结束后，观众参与“最佳男女主”“最佳导演”“最佳人气奖”等奖项的评比，我们需要第一大院的同志们的力量！[看] 希望有空的同学们可以来欣赏表演[飞吻],,“心理月”心理情景剧大赛决赛进行中，同学们快来围观！
生活,【心理情景剧决赛通知】@所有人 各位同学，深圳高校首届“鹏城学子杯”大学生心理情景剧大赛（决赛）将于5月30日（周二）18：30在活动中心正式上演！初赛精选的8支队伍将展开激烈角逐，我们学院的《重来》剧组将在第四个节目出场演出，欢迎同学们到场观看比赛，为学院剧组加油打气！（本次活动算作一次综测加分活动，现场有签到） 心理剧决赛现场有观众现场投票奖项（最佳男女主角、最佳导演等）请同学们多多报名观赛和投票 上次有课的班级请多多参与[欢兔喝彩] 【腾讯文档】心理剧观众名单 https://docs.qq.com/sheet/DTERNQkpodWN5enBT?tab=f2c1qr,,深圳高校首届“鹏城学子杯”大学生心理情景剧大赛（决赛）通知
生活,各位同学大家好，为响应第十八届“体育文化节”校园赛事，计算机学院欲组建院羽毛球队参加比赛；比赛时间预计6.16 - 6.18三日晚上19：00 - 20：00；比赛规则如下：1.积分小组赛采用21分一局胜负制，淘汰赛、半决赛和决赛都采取21分三局两胜制；比赛设立项目为：男子单打、女子单打、男子双打、女子双打、混合双打五个项目；报名方式：扫描下方二维码加入qq群后填写问卷即报名成功，报名截止日期为6.10,,为响应第十八届“体育文化节”校园赛事，计算机学院欲组建院羽毛球队参加比赛，报名截止日期为6.
生活,假期get小技能？来应急救护培训@所有人 🥳心肺复苏 + AED实操 🥳海姆立克法简单学习 没有接触过急救，想尝试学习一下 OR之前学过几次，想要复训 都——只管来🎉🎉🎉不仅有红十字会专门配发的教材，还有参训证书哦 5月3号下午15:00~17:00，在T3402 感兴趣请填写问卷进群哦https://www.wjx.top/vm/rcp9JX5.aspx,,假期get小技能？来应急救护培训@ 所有人心肺复苏+aed实操海姆立克法
生活,【关于举办2023年哈尔滨工业大学（深圳）中华经典诵写讲大赛的通知】@所有人 各同学： 为提升社会大众特别是广大青少年的语言文字应用能力和语言文化素养，特举办中华经典诵写讲大赛，相关通知如下：http://info.hitsz.edu.cn/content.jsp?urltype=news.NewsContentUrl&wbtreeid=1023&wbnewsid=3702。 大赛分为四项比赛（“诵读中国”经典诵读、“诗教中国”诗词讲解、“笔墨中国”汉字书写大赛、“印记中国”师生篆刻大赛），前两项比赛请每个学院推荐不超过2个作品，并于6月11日（星期日）前将《推荐作品汇总表》及作品电子版打包发送至邮箱[hitsztw@163.com](mailto:hitsztw@163.com)，其中“诗教中国”诗词讲解大赛参赛者于5月25日（星期四）前需要完成完成在线测试。后两个比赛请根据文件要求登陆大赛官网报名。,,关于举办2023年哈尔滨工业大学（深圳）中华经典诵写讲大赛的通知
生活,祝贺计算机心理剧团队以第一名的成绩杀入心理剧决赛[冲！] 剧团人员大家辛苦啦，太棒啦[欢兔喝彩],,祝贺计算机心理剧团队以第一名的成绩杀入决赛[冲！] 剧团人员大家辛苦啦，太棒啦[欢兔
生活,提示各位同学，@所有人 最近天气炎热，体测请关照自己的身体状况，准备好饮用水，建议同学们结伴同行，有特殊情况请第一时间就医[赞],,体测请关照自己的身体状况，准备好饮用水，同学们结伴同行，有特殊情况请第一时间就医
生活,作为视频达人、摄影发烧友的你，却找不到流量大的平台？写作、文笔惊艳，却没有展示发挥的空间热爱漫画手绘、海报设计，却苦于没有同好小伙伴？现在，机会来了！只要你是计算机学院的学生，只要你想记录学院发展的点点滴滴，发现校园生活中的美好，你就可以加入计算机学院学生全媒体中心！,,计算机学院学生全媒体中心，等你来加入！
生活,“轮椅上的半天”，以残疾人及助残志愿者为主体发起，致力以常态化的活动，通过邀请大量的社会人士（人大代表、政协委员、学生等）真实场景参与，进而成为现实社会生活中的“无障碍体验官”，熟悉轮椅这个交通工具并感知身边的无障碍环境建设，传播无障碍环境建设及无障碍服务意识。进而推动无障碍环境建设的完善及无障碍服务意识的普及，为面临的老龄化社会做好基础配套。,,“轮椅上的半天”——残疾人及助残志愿者的常态化活动
生活,【X9高校赛艇春季赛-光明茅洲河站比赛观众招募】@所有人 还记得去年X9高校院所联盟赛艇竞赛的盛况吗？还记得每一句振奋人心的“哈工大 加油！”呐喊声吗？本周六，X9赛艇联赛又来了！让我们一起来为哈工大（深圳）赛艇队，为我们的同学、老师们呐喊助威吧！！！周六，我们不见不散！时间：5月20日（本周六）上午 7:00-12:00地点：光明区茅洲河南光绿镜驿站（学校包车集体前往）内容：为咱们赛艇队加油呐喊！激情观赛！招募人数：40人（名额有限，先到先得）心动不如行动，请有兴趣的同学扫码进群，具体的安排将在群里通知，哈工大（深圳）赛艇队期待你的摇旗呐喊！,,x9 高校赛艇春季赛-光明茅洲河站比赛观众招募
生活,各位同学@所有人 今天晚上收到多名同学反馈在教学楼、活动中心和宿舍楼附近发现卖笔的人员，请大家不要轻信和购买，保护好自身财产安全,,今天晚上收到多名同学反馈在教学楼、活动中心和宿舍楼附近发现卖笔的人员，请大家不要轻信和购买，保护好
生活,【防诈骗提醒】@所有人 各位同学： 近期演唱会抢票火热，校区已有学生，在闲鱼链接进行购买，按照对方提示操作被骗。各位同学不要点击陌生售票链接、不要轻信非官方售票！,,【防诈骗提醒】@ 所有人各位同学：近期演唱会抢票火热，校区已有学生，在闲鱼链接进行购买，按照
生活,根据校区的总体安排，2023年五一劳动节放假调休的时间定为4月29日至5月3日，共5天。现就假期校园安全注意事项提示如下，望全体师生员工周知： 一、消防安全 自觉遵守校区安全管理规定，严禁违规用电，离开办公室、实验室时，确保人走电断；按要求清理占用走廊、通道的各类物品，确保疏散通道畅通。 二、实验室安全 放假期间，实验室要加强危险化学品的安全管理。需要开放使用的实验室，须指定专人值守，充分做好个人防护，离开实验室要检查实验室安全状况，确认水电气等关闭，发现异常及时上报处理。 三、饮食卫生安全 要注意饮食卫生安全，合理安排用餐；合理安排作息时间，加强体育锻炼，保持个人卫生。 四、交通安全 出行时请务必遵守交通法规，不要乘坐无安全保障的交通工具。在校内驾驶机动车或电动自行车时请注意交通安全，文明驾驶，自觉接受管理。电动自行车严格在指定地点充电，严禁将充电电池带进教学楼或宿舍。 五、防汛防风安全 相关部门要做好防汛防风的物资储备和人员准备，切实做到及时响应。值班值守人员要定期巡视检查，各办公室、实验室要保持门窗关闭。 六、宿舍安全 严格遵守校区、大学城学生宿舍安全管理规定，严禁在宿舍私拉、乱接电线、使用大功率电器以及管制刀具；不得在楼内使用明火；清理占用走廊的私人物品，确保疏散通道畅通。 七、预防溺水 要做到“六不两要”。“六不”即：一不私自下水游泳；二不擅自与同学结伴游泳；三不到无安全设施、无救援人员的水域游泳；四不到不熟悉的水域游泳；五不私自到江河、湖泊、水库、堰塘、水井边玩耍；六不擅自下水施救。“两要”即：一要到有防护设施和施救人员的正规的游泳场所游泳；二要在遇到同伴溺水时大声呼喊，并立即寻求他人帮助，不能采取手拉人等盲目施救。 八、网络安全 假期内不沉迷网络和电子游戏，对不熟悉的网络游戏、直播、QQ群、微信群、贴吧不接触不参与；注意保护个人信息，警惕各类电信诈骗和网络诈骗，发现有问题及时报警；理性表达观点，不造谣、不信谣、不传谣；增强金融风险防范意识，不参与网络、电信不良借贷。 九、值班值守安全 严格落实校区值班值守的相关规定，各级值班人员要认真履行假期值班职责，确保值班人员联络畅通，对重要情况及时上报。各学院要加强对留校学生的安全教育和管理，避免发生安全事故。 如遇紧急情况请拨打：校区安全中心电话：26033456，资产管理处杨世海电话：13804604121 祝师生员工安全度过一个愉快、祥和的“五一”假期！ 校区安委办 2023年4月28日,2023年4月28日,4月29日至5月3日校区安委办校园安全注意事项
升学,【交流交换】关于选派本科生2023年暑期赴香港中文大学交流的通知 [http://info.hitsz.edu.cn/content.jsp?urltype=news.NewsContentUrl&wbtreeid=1028&wbnewsid=3570](http://info.hitsz.edu.cn/content.jsp?urltype=news.NewsContentUrl&wbnewsid=3570&wbtreeid=1028) 申报时间：2023年5月3日前 项目时间：2023年7月31日 – 2023年8月11日,2023年5月3日,【交流交换】关于选派本科生2023年暑期赴香港中文大学交流的通知
升学,【关于新加坡国立大学3+1+1本硕联培项目线下宣讲的通知】 各位同学：        2023年新加坡国立大学3+1+1本硕联培项目将来我校进行线下宣讲，具体专业和时间安排见下。前期已经进行预报名，请有意向参加宣讲但未进行预报名的同学，直接前往宣讲场地找工作人员补登记即可。欢迎大家积极参与，来和新加坡国立大学的老师们进行交流，谢谢。 新加坡国立大学ECE专业311宣讲（重庆研究院） 时间：4月8日（周六）10:40-11:40 地点：T5503,,新加坡国立大学3+1+1本硕联培项目线下宣讲的通知
升学,读研深造，选择隔壁的南国清华or“东方麻省理工”-南洋理工大学？@所有人  本次讲座邀请了来自清华大学深圳国际研究生院的夏树涛教授和南洋理工大学的张天威教授做精彩的学术报告并分享这两所大学的研究生招生和培养情况。,,读研深造，选择隔壁的南国清华or“东方麻省理工”-南洋理工大学？@ 所有人本次讲座邀请了来自清华大学
升学,各位同学好，学校招就处开通了研招咨询一对一预约，面向所有在校本科生。不焦虑地聊聊升学，我们可以有哪些选择，欢迎来戳。@所有人  预约入口https://yzb.hitsz.edu.cn/common/login,,不焦虑地聊聊升学，我们可以有哪些选择，欢迎来戳。@ 所有人预约入口https: //yzb.
教务,【2023年春季学期计算机实验室开放通知】http://ecei.hitsz.edu.cn/info/1014/3655.htm为满足在校同学们的学习实践需求，实验与创新实践教育中心开放如下计算机实验室供全校师生使用。,,2023年春季学期计算机实验室开放通知
教务,【关于本研教学服务app更新的提醒】各位同学，4月19日因app更新导致应用功能查询闪退的问题已修复，请各位同学更新最新app版本，若有软件使用意见及完善优化建议，欢迎反馈至本条通知留言，谢谢大家,,关于本研教学服务app 更新的提醒
教务,【关于X9高校精品课开课的温馨提示】X9高校高端精品课首次课程将于周六（明天）下午14:30在大学城国际会议中心204开课，提醒选修该门课程的同学，请提前15分钟签到学习。      未来几天可能会有阵雨相伴，请同学们出行带好雨具，注意安全。,,关于x9 高校精品课开课的温馨提示
教务,【温馨提示】各位同学，由于清明假期的原因，部分课程在本周六（4月8日）安排了补课，请大家登录系统查看上课时间，按照课表上课。,,【温馨提示】各位同学，由于清明假期的原因，部分课程在本周六（4月8日）安排了补课，
思政,【关于参加“中国航天日”主题升旗仪式的通知】@所有人  深圳校区将于 4 月 24 日举行中国航天日“格物致知，叩问苍穹”主题升旗仪式。本次活动参与算入综测加分，请有参加意愿的同学向本班组织委员报名。 活动要求如下： 时间：2023 年 4 月 24 日（星期一）6:40 地点：深圳大学城管理服务中心广场 按照位置图站立（另行通知） 穿着白色上衣及深色长裤（裙），佩戴党/团徽,,关于参加“中国航天日”主题升旗仪式的通知
思政,【广东省学联驻会主席选拔】@所有人  各位同学    关于转发《关于开展2023-2024年度广东省学生联合会执行主席选拔工作的通知》的通知已挂网，http://info.hitsz.edu.cn/content.jsp?urltype=news.NewsContentUrl&wbtreeid=1023&wbnewsid=3521。    省学联驻会主席要求在省学联秘书处全时全程驻会1年，请符合条件且有意向申报的同学，于4月22日12:00报送相关材料到辅导员处。谢谢！,,关于开展2023-2024 年度广东省学生联合会执行主席选拔工作的通知
思政,五四评优-标兵类项目需要在学院进行答辩，因此评优材料要求较紧，答辩时间拟定为明天上午（9：00，信息楼1417），请相关同学预留好时间，并在今天下午17点之前，将答辩PPT发给我（PPT 答辩时长 3分钟，请大家控制好时间呀）。其他项目内容也请大家尽快填写表格提交哈。PPT没做好的同学，也请14点以前，先填写上面的在线表，汇总一下，因为14点要把相关名单先上报学院，请大家抓紧时间先填写在线表格信息。申报表格可以稍晚提交。！！！！过期就无法报名了。@所有人,,五四评优-标兵类项目需要在学院进行答辩，因此评优材料要求较紧，答辩时间拟定为明天上午（9：
思政,【转发校本部通知】@所有人  关于开展哈尔滨工业大学2023年春季学期 黑龙江省政务实习的通知 https://job.hitsz.edu.cn/xwtzxq?lx=5&id=fc2eceddfc2240c6934dbb5dcc84806a 说明：请深圳校区报名同学将附件1和附件2（纸质版+电子版）于4月13日10:00前报送至辅导员处，文件命名为“XXX学院-2023年春季学期黑龙江省政务实习材料汇总”。,,哈尔滨工业大学关于开展哈尔滨工业大学2023年春季学期黑龙江省政务实习的通知
思政,【选调公示】@所有人  各位同学，现对哈尔滨工业大学大学（深圳校区）10名浙江选调拟录用人选进行公示。公示地点：信息楼1419门外学院公示栏，公示时间至4月14日。如拟录用人选存在不符合公务员录用的情形，请在公示期间向选调单位反映，并提供详细事实、线索和联系方式，以便于选调单位对有关情况进行核实。,,哈尔滨工业大学（深圳校区）10名浙江选调拟录用人选公示
思政,【关于五四评优的通知】@所有人  同学们，关于哈尔滨工业大学共青团五四评优的通知已挂网（[关于开展2022-2023年度五四评优工作的通知-内部信息公开网 (hitsz.edu.cn)](http://info.hitsz.edu.cn/content.jsp?urltype=news.NewsContentUrl&wbtreeid=1023&wbnewsid=3463)），请拟申报的同学向本班团支书报名（优秀团员、团干需组织团支部民主评议），并把申报表材料按照要求发送给团支书，并填写汇总表：https://hitsz.feishu.cn/sheets/shtcnVKTTuzTQRX91yjRRCLXtyc?from=from_copylink。 团支书汇总后按照要求发送给辅导员老师。 注意： 1. 优秀团员系列与优秀团干系列不能兼报； 2.今年的优秀团支部、优秀团干部和优秀团员分为学校奖项和校区奖项，将按照评审排序，靠前的优先推荐学校奖项。 3.  报标兵项目的建议同时报非标兵项目。非标兵项目获得推荐后方可参与对应标兵的评选，标兵项目落选后则参与普通奖的竞争； 4. 优秀团员、团干均需团支部民主评议推荐；民主评议请所在团支部书记在提交材料之前做组织好评议； 5. 2022年春季、夏季、秋季学期考试成绩有不及格者或综合排名在50%以外者不具备评选资格。其中考试成绩包括考试课和考查课成绩； 6. 团支部一年内有成员受纪律处分的或因成绩原因被试读、降级、退学的不得参评优秀团支部； 7、标兵应满足低一级奖项的所有标准，标兵在初评基础上进行提名推荐； 8、标兵类及五四奖章类需额外提供1000字以内的事迹材料。同时填写联评汇总表[附件5：22级五四评议联评候选人简介汇总表](https://hitsz.feishu.cn/sheets/shtcndxvmhkYFiyHfQfE9d4CN0f?from=from_copylink) ； 9、个人申报材料命名格式：严格按照附件1里的命名格式； 10、团支书提交材料注意事项：严格按照附件7：xxx团支部-哈工大五四评优.rar里的命名格式和文件结构。提交时请各位团支书核对，申报同学需要同时填写汇总表和提交申报表； 11、报名截止时间：4月11日上午10:00。团支书提交材料截止时间：4月11日24:00前。 具体评优奖项设置标准及评优表格见附件或官网。,,关于哈尔滨工业大学共青团五四评优的通知
思政,各位同学，@所有人  “聚焦国家网安战略”思政实践重点团队开始报名！本思政实践重点项目为2021本科生“聚焦国家网安战略，深入鹏城靶场攻防”一校三区十佳思政实践重点项目的延续项目，由辅导员段子豪、许耀元、李海峰三位老师负责指导，通过带领同学们参观学习成都中电十所网络空间安全相关建设成果，感悟哈工大、中电十所在我国网络空间安全领域的“国之重器”的建设实效，并树立投身国家网络安全建设的理想信念。 请感兴趣的同学于本周日中午12点之前完成报名填写。[“聚焦国家网安战略”思政实践重点团队报名表](https://hitsz.feishu.cn/share/base/form/shrcnsFwjcOvhZJPUQ8VZEObuVh),,“聚焦国家网安战略”思政实践重点团队开始报名！
心理,各位同学： 临近假期，大家谨防诈骗，保持好心情，有困难随时联系我。以下两篇推文请大家阅读，天天都有好心情[欢兔喝彩]@所有人  【揭秘诈骗“心理学”，小嗨森教你对诈骗说“不”】[揭秘诈骗“心理学”，小嗨森教你对诈骗说“不”](https://mp.weixin.qq.com/s/4UStDqLyf6Geacv2Lsfobw)【恋爱专题｜失恋自救指南Ⅰ】 [恋爱专题｜失恋自救指南Ⅰ](https://mp.weixin.qq.com/s/lurYSYovAq4N4evdJFSXfQ),,[揭秘诈骗“心理学”，小嗨森教你对诈骗说“不”]
心理,【关于开展2023年春季学期“阳光青年，关爱自我，促心成长”大型团体心理辅导系列活动的通知】@所有人  各位同学： 2023春季学期，为进一步提升哈工大学子的心理健康素质，校区大学生心理健康教育与咨询中心即将举办以“阳光青年，关爱自我，促心成长”为主题的团体心理辅导系列活动，涵盖自我探索、人际交往、情绪管理、正念冥想、健心运动等主题，提升在校生心理适应和压力应对能力、激发心理潜能。活动以线下团体辅导工作坊形式开展。具体安排和报名方式详见通知。 请同学们积极报名参与 http://info.hitsz.edu.cn/content.jsp?urltype=news.NewsContentUrl&wbtreeid=1023&wbnewsid=3541,,关于开展2023年春季学期“阳光青年，关爱自我，促心成长”大型团体心理辅导系列活动的通知
灾害,同学们:   @所有人         从深圳市气象台了解到：4月为深圳市强对流天气多发期，强对流天气突发性强、提前预报预警难度大、天气剧烈极易致灾。19-22日阴天，有阵雨或雷阵雨，部分时间雨势较大并伴有局地8级左右阵风，期间可能发布雷雨大风、暴雨黄色和雷电预警信号。23-24日仍有阵雨。未来一周我市天气极不稳定，需注意防御局地雷击、短时大风和强降水导致的灾害。  航天物业服务中心温馨提醒全体师生做好防护措施： ①雷雨期间密切关注天气预警信号，人员应当留在室内，并关好门窗，以防雨水进入办公室； ②雷暴天气注意用电安全，离开时确认室内设备设施处于断电状态； ③上下班（课）注意安全，不要在树下避雨； ④放置在窗户、室外的物品、设备等一定放回室内或者做好加固和围蔽； ⑤雷雨期间物业将加强防汛巡查，如有问题请第一时间拨打物业电话。 研究生院服务中心：0755-26032993 本科服务中心：0755-26905040,,4月为深圳强对流天气多发期
作业与考试,@所有人  大家别忘了，10：30-12：00，高数期中,,@ 所有人大家别忘了，10：30-12：00，高数期中
作业与考试,【2023年上半年全国大学英语四、六级考试报名】各位同学，2023年上半年全国大学英语四、六级考试将于5月4日10:30分开始报名，报名通知见教务部官网：http://due.hitsz.edu.cn/info/1045/4946.htm，请同学们按照通知中的时间要求节点完成报名和缴费，完成报名的同学请认真备考并按时参加考试，除不可抗力因素外，缺考考生将取消下一次报考资格，谢谢！,,2023年上半年全国大学英语四、六级考试报名
作业与考试,【全国大学英语四六级考试报名】各位同学好，2023年上半年全国大学英语四六级考试的报名将从5月4日开始，今天省考试院才开放报名资格库维护功能，近期学校会发报名通知，请各位同学留意，谢谢,,2023年上半年全国大学英语四六级考试的报名将从5月4日开始，今天省考试院才开放报名资格库维护
竞赛与机会,【电子设计国赛报名】各位同学，电子设计竞赛国赛已经开始报名，有意向参赛的同学请于5月12日18:00前报名并加入竞赛QQ群。更多详细信息请见校内通知：http://due.hitsz.edu.cn/info/1485/4949.htm。 2023年全国大学生电子设计竞赛将于8月2日（星期三）8:00至8月5日（星期六）20:00进行，现将报名事项通知如下：  1、每支参赛队由1名队长和2名队员组成；  2、各参赛队需交纳报名费，此项费用由校区统一支付；  3、2023年全国大学生电子设计竞赛广东省赛区竞赛详情可查看官网公告：http://www2.scut.edu.cn/gduedc/?tdsourcetag=s_pctim_aiomsg；  4、请有意向参加比赛的同学于5月12日18:00前扫描二维码报名，提交报名表后加入竞赛QQ群。选拔及后期比赛通知将在QQ群内发布；  5、校区竞赛负责人：李老师，电话：0755-26923169；QQ：232201684；邮箱：[liyq@hit.edu.cn](mailto:liyq@hit.edu.cn)。,,【电子设计国赛报名】5月12日-8月5日（星期六）20: 00 参加2023年
竞赛与机会,各位同学好，第十三届中兴捧月算法精英挑战赛全面开启！详情见推文，欢迎同学们踊跃参与！@所有人 [重磅起航丨第十三届中兴捧月算法精英挑战赛全面开启！](https://mp.weixin.qq.com/s/DiH-ZUPPocxEMe0YNE3UGQ),,第十三届中兴捧月算法精英挑战赛全面开启！详情见推文，欢迎同学们踊跃参与！@ 所有人[重磅起航丨第十三届
企业参观与就业,【昇腾开发者峰会参会报名】@所有人  5月7日昇腾开发者论坛，想要邀请我们学校的同学们参加，具体内容如下： 1.邀请人数：约10人； 2.车辆及餐饮：公司提供往返车辆，并且提供午餐； 3.到达时间：5月7日8点半；（出发时间参考早7点，地点另行通知） 4.参会地点：东莞松山湖华为（三丫坡、溪流背坡村） 5.行程拟定安排：5月7日上午参加昇腾开发者分论坛，中午午餐休息，下午园区自由参观，16点返程； 6.报名方式：登录昇腾社区报名参会，并且填写完成《昇腾开发者峰会参会报名信息表》，名额有限，先到先得，不能填写就代表报名人数已满。 【腾讯文档】昇腾开发者峰会参会报名信息表 https://docs.qq.com/form/page/DVnlSQ2J2V3Nyb3lP,,腾开发者峰会参会报名
企业参观与就业,名企中国行之“职场领航”——深圳航天东方红卫星有限公司来啦~@所有人  报名时间：4月23日（周日）20:00 参访时间：4月25日（周二）8:40 本次活动主要参观航天科普长廊和航天科技展厅，回顾中国航天发展史，带领哈工大（深圳）学子充分感知航天三大精神新时代北斗精神、探月精神，深入了解航天科技为生活带来的各种便利和创造的可能性，点赞中国航天！欢迎感兴趣同学报名~ 详情：,,名企中国行之“职场领航”——深圳航天东方红卫星有限公司来啦@ 所有人报名时间：4月23日
企业参观与就业,[【活动报名】名企中国行之“职场领航”——深圳航天东方红卫星有限公司来啦~](https://mp.weixin.qq.com/s/vrIdBonL3UNJjuz0ek3q2w),,【活动报名】名企中国行之“职场领航”——深圳航天东方红卫星有限公司来啦
企业参观与就业,[深圳航天东方红卫星公司参访 (qq.com)](https://docs.qq.com/form/page/DUlRrb1pJZ21lU0pl#/fill),,深圳航天东方红卫星公司参访
企业参观与就业,[【职涯面对面系列活动】中学教职应聘经验交流会](https://mp.weixin.qq.com/s?__biz=MzkzNjI1Mzc0Mg==&mid=2247490250&idx=2&sn=e23d23fa40516341b355691fd0970a0d&chksm=c2a0da8bf5d7539d6fe132a4d2cd3a7ce59351114e8cddbfac7a631923de051f601469af1a68&mpshare=1&srcid=0421O9LZcCIOPuciZjB7FmZb&sharer_sharetime=1682039209872&sharer_shareid=34a6bdc94c5910f9a907d1bf2ee142af&from=groupmessage&scene=1&subscene=10000&clicktime=1682039397&enterid=1682039397&sessionid=0&ascene=1&fasttmpl_type=0&fasttmpl_fullversion=6644382-zh_CN-zip&fasttmpl_flag=0&realreporttime=1682039397961&devicetype=android-30&version=280022f5&nettype=WIFI&lang=zh_CN&countrycode=CN&exportkey=n_ChQIAhIQEQWvXNgmq4AgxQlaEsR%2FWxLwAQIE97dBBAEAAAAAAJNRGtpn2WMAAAAOpnltbLcz9gKNyK89dVj0nRBPo9BaATFNwNHm7fe8H4NX4fohqpP1AQB2y02r3zHA3o1uyrzLrEUu48HjNPSXUYY6kigaGD7gFX9PZSbMB6KoePkTZ6NohUooq3UJnIiL8iccZX4MGwBAFNVVh11Gl79W5QR7jRIaClLowAy%2BKRl7eRjrTFk1vnFkdDqNIxJU4ecD%2FZ%2F5UocPEbwW6pNtXJp5DcQcEvxfcm9XyS80YlC%2BtvbBG4r%2BYyI%2FjiohqUmpfybmJWivyDTnBtkUH%2BuQ8fcLXFZji0BO7Q%3D%3D&pass_ticket=uVliBe75%2FUwIT8ocinqCalxxg6xWScfEGDyqmM4EqLelcEfKnAjOSwGnNiPCHtYMVf5pmUyO3Ixcyz6Wgffrqw%3D%3D&wx_header=3)@所有人,,【职涯面对面系列活动】中学教职应聘经验交流会
企业参观与就业,现将《深圳市教育局关于开展2023年上半年中小学和幼儿园教师资格认定工作的通知》转发给大家，有意申报教师资格认定的同学按要求开展申报。,,深圳市教育局关于开展2023年上半年中小学和幼儿园教师资格认定工作的通知
企业参观与就业,4月16号，华为智能基座高校行来啦 华为计算产品线HR：遇见成长，华为HR教你如何规划职业生涯 异思MindSpore技术生态专家：全场景AI框架昇思MindSpore特性揭秘&趣味实操 70个U盘来就送！小音响5个、加湿器4个互动就能拿！ 注： 活动将在哈工大T3201教学楼举行，时间是4月16号下午2：00 参加活动的同学请携带电脑,,4月16号，华为智能基座高校行来啦！华为hr教你如何规划职业生涯异思mindspore
企业参观与就业,【活动报名】名企中国行之“职场领航”——斯坦德机器人参访来啦@所有人   报名时间：4月6日（周四）21:00 参访时间：4月9日（周日）14:00  详情： [【活动报名】名企中国行之“职场领航”——斯坦德机器人参访来啦~](https://mp.weixin.qq.com/s/qe-NDnX3tM54EbLiErDzQg)想要实地参观企业展厅与生产车间吗？想要深度链接优秀企业资源，洞察行业趋势吗？哈工大（深圳）名企中国行之**“职场领航”——企业参访计划**正在进行中！2023年4 月9日 我们将一同前往**斯坦德机器人**在参访优秀企业中思学践行！期待你的踊跃报名！,,【名企中国行之“职场领航”——斯坦德机器人参访来啦】
企业参观与就业,各位同学，计算机学院“计往开来 职点迷津”系列活动名企微课开讲啦，本期分享企业：腾讯。 欢迎各年级同学扫描海报中的二维码报名活动！@所有人  生涯规划&就业指导，你需要早早开始～ 时间：2023年4月7日10:30 地点：T5-304,2023年4月7日,“计往开来职点迷津”名企微课开讲啦！@ 所有人生涯规划& 就业指导，你
企业参观与就业,@所有人  【活动报名一】名企中国行之“职场领航”——招银网络科技参访来啦~ 报名时间：4月4日（周二）21:00开放 参访时间：4月7日（周五）13:30-18:00 详情：[【活动报名】名企中国行之“职场领航”——招银网络科技参访来啦~](https://mp.weixin.qq.com/s/VBiIVj3sI4kgPqfdccAJuA)【活动报名二】名企中国行之“职场领航”——中兴通讯企业参访第二期来啦~ 报名时间：4月5日（周三）21:00开放 参访时间：4月9日（周日）上午8:30 详情：[【活动报名】名企中国行之“职场领航”——中兴通讯企业参访第二期来啦~](https://mp.weixin.qq.com/s/ip9mqqm3SsvkOorzvCmdvA),,名企中国行之“职场领航”——招银网络科技参访来啦
企业参观与就业,4月8号，华为智能基座高校行来啦🎉🎉 这次安排了满满当当三个议程： ——遇见成长，华为HR教你如何规划职业生涯 ——全场景AI框架昇思MindSpore特性揭秘 ——全场景AI框架昇思MindSpore趣味实操 参加还有丰厚奖品哦，小音响、加湿器、U盘等你来拿！ 注： ☝️活动将在哈工大教学楼举行，具体地点暂未确定，确定后将在群里通知~ ☝️参加活动的同学请携带电脑,,华为智能基座高校行——遇见成长，hr教你规划职业生涯——全场景ai 框架思mindsp
生活,【计算机学院学生全媒体中心招新啦】http://mp.weixin.qq.com/s?__biz=MzAxNDU1NzgxOQ==&mid=2247488399&idx=1&sn=17f6341c76c6bf2700aa0ebf156672a9&chksm=9b90249bace7ad8ddfa96d25c331bbe89ef2f1931cc35818fb446f7ee0c4ae55667a11c02d74&mpshare=1&scene=23&srcid=0429L3ZcMt6IR9zXmZvBhZPk&sharer_sharetime=1682753146334&sharer_shareid=ef91e60d86d2f9fbdcf9fff398f618f7#rd作为视频达人、摄影发烧友的你，却找不到流量大的平台？擅长写作、文笔惊艳，却没有展示发挥的空间？热爱漫画手绘、海报设计，却苦于没有同好小伙伴？现在，机会来了！只要你是计算机学院的学生，只要你想记录学院发展的点点滴滴，发现校园生活中的美好，你就可以加入计算机学院学生全媒体中心！大家都来看一下，欢迎热爱创作的你报名@所有人,,【招新】计算机学院学生全媒体中心招新啦
生活,@所有人  各位师生：为推进原研究生院园区修缮改造工程，更新强弱电和消防系统，拟对D、E栋之间道路及南北侧路口、E栋南侧道路进行开挖、管道敷设等施工，相关安排计划如下：D、E栋之间道路及南北侧路口施工时间为4月29日6点至5月4日7点，届时人、车需绕行进入研究生园区教学区和生活区，施工区域和通行路线示意详见附图。大学城内接驳巴士在施工期间暂不停靠哈工大材料楼站、国际会议中心站、哈工大社科楼站、清华站、哈工大土木楼站，施工完毕后恢复正常路线。E栋南侧路面施工时间为4月29日6点至5月11日7点，届时E栋南侧路面停车区域和足球场北侧门暂停使用。给您带来不便，敬请谅解。如有任何疑问，请联系：资产管理处俞晴，13005492713；航天物业罗万权，13726897992。资产管理处 2023年4月26日附图：施工期间车行、人行路线示意,2023年4月26日,4月29日至5月4日哈工大d、e栋之间道路及南北侧路口施工公告
生活,[“二阳”来了，会更严重吗？最新详解→](https://mp.weixin.qq.com/s/-bH6eFeNDGzUrt9d9bBKhg)[转发｜国家疾控局：这三类情形或场景仍应戴口罩](https://mp.weixin.qq.com/s/DlIItDseHPxYOHBaZ7mrVA)各位同学，大家近期注意戴好口罩，多加锻炼，注意健康，身体不舒服要及时就医，特殊情况一定要跟我联系@所有人,,国家疾控局：这三类情形或场景仍应戴口罩
生活,【5·25深圳高校首届“鹏城学子杯”大学生心理情景剧汇演报名】@所有人  各位同学，校区联合深圳其他高校共同打造共青团深圳市委 “鹏城学子杯”心理情景剧活动，现面向全体同学进行演员招募，具体活动内容及安排见附件。 如果你满足以下条件之一： 1.对心理情景剧表演感兴趣 2.有舞台剧表演经历或剧本写作经历欢迎填写报名链接： 【腾讯文档】计算机学院心理剧报名表https://docs.qq.com/form/page/DQ1NoZVZZeGxHYVF3,,5 25 深圳高校首届“鹏城学子杯”大学生心理情景剧汇演报名
生活,【航天国防趣味活动】活动时间：4月24日（周一）11:00-13:00 活动地点：荔园8栋、9栋中间区域   活动一：航天国防科普答题 活动二：航天飞行活动 活动三：中兴捧月活动之圈定乾坤 参与活动即可获得礼品，过关可抽奖，我们准备了ZTE WATCH  GT、攀高眼部按摩仪、努比亚氮化镓充电器、天猫精灵boom、小兴酱钥匙扣等奖品90份。 航天日与你不见不散，欢迎在校师生一起来玩~ 详情：https://job.hitsz.edu.cn/xwtzxq?lx=0&id=fd87701e37ed4863905aa44fefef634d,,【航天国防趣味活动】4月24日（周一）11: 00-13: 00荔园8栋、9栋中间
生活,【讲座预告】测控链接天地共筑星展大海——航天国防主题讲座 时间：4月24日（周一）15:30-17:00 腾讯会议：275-482-719 (密码0424) 链接：https://www.hitsz.edu.cn/article/view/id-139835.html 本次讲座邀请了中国电子科技集团公司第十研究所专家胡建平，从航天基础知识切入，主要讲解世界航天发展、中国航天发展史、日常生活中的航天应用、链接天地的测控系统与发展趋势等内容。,,【讲座预告】测控链接天地共筑星展大海——航天国防主题讲座
生活,【讲座预告】有“礼”走遍天下——面试礼仪主题讲座 时间：4月25日（周二）15:00-17:00 腾讯会议：249-829-360 本次讲座邀请了迈瑞医疗金牌专职讲师闫飞老师，讲授“职场面试那些事儿”，让你由内而外，收获从容与自信。 链接：https://www.hitsz.edu.cn/article/view/id-139880.html,,4月25日有“礼”走遍天下——面试礼仪主题讲座
生活,【大学城公共文化需求调查】@所有人  各位同学：大学城管理服务中心打算引入 一些公共文化活动服务大学城师生，目前正在做需求调查，请大家点击链接填写问卷。 链接：[【问卷调查】公共文化需求大调查，为您的精神食粮发声！](https://mp.weixin.qq.com/s/5Ta8rS6m46eZeiOpyeUx1A)我们相信，优质的公共文化不仅可以满足您的精神需求，还可以让您更好地适应和融入这个充满活力的大学城。您的意见和建议对我们来说至关重要，因此我们真诚邀请您参加我们的调查问卷，与我们分享您的想法和需求。通过填写这份问卷，您将不仅仅是回答一些问题，更是为您的心灵食粮“代言”！让我们一起为深圳大学城的公共文化发声，让它更加丰富多彩，更贴合您的需求！请扫码参与调查，感谢您的支持和配合！,,【大学城公共文化需求调查】@ 全体大学城师生：我们正在做需求调查，请大家点击链接填写问卷！
生活,【关于对校区部分道路进行临时管控的安全提醒】@所有人 各位同学： 校区将于2023年4月23日晚19:00-21:00举办航天日主题“荧光夜跑”活动，届时将对夏青路、学苑大道、荔园6到1 0栋背后机动车道等路段进行临时管制，请各位同学在此期间小心绕行，并注意出行安全。由此带来的不便，敬请谅解！,2023年4月23日,关于对夏青路、学苑大道、荔园6到1 0栋背后机动车道等路段进行临时管控的安全提醒
生活,【计算机学院系扣育人工作室招新啦】@所有人  你是否渴望对哈工大的百年校史熟稔于胸？ 你能如数家珍道出哈工大的众多科研成果吗？ 当朋友问起你的学校时你能侃侃而谈吗？ 你希望结交一群志同道合共同成长的小伙伴吗？ 你想锻炼自己的讲解、组织、协调能力吗？ 当面试官与你交谈时你能不卑不亢流畅沟通吗？ 如果你渴望，你愿意，你希望，你想，你是！那么机会来了，加入计算机学院“系扣”工作室吧！加入系扣工作室你将有机会深入了解哈工大的历史文化，近距离接触杰出校友，在与一群志同道合的小伙伴碰撞与合作中提升自己，服务同学，并为弘扬哈工大精神、促进学校文化建设做出自己的贡献，更有机会前往校本部参观交流哦。,,【系扣育人工作室招新啦】@ 所有人你是否渴望对哈工大的百年校史熟稔于胸？你能如
生活,[计算机学院“系扣”育人工作室招新啦！](https://mp.weixin.qq.com/s?__biz=MzkzNjI1Mzc0Mg==&mid=2247490250&idx=4&sn=4b5c740f7274a41d4bf2d30082986214&chksm=c2a0da8bf5d7539dd39d1ca4cc03a26479d7e54a8d931ee9a883befcbfdba13e6f30a2cb48ba&mpshare=1&srcid=0421piDs4SvEcx4AE6eCAztI&sharer_sharetime=1682039348915&sharer_shareid=117b570f437e824fbd6b18a6251b55c9&from=groupmessage&scene=1&subscene=10000&clicktime=1682039456&enterid=1682039456&sessionid=0&ascene=1&fasttmpl_type=0&fasttmpl_fullversion=6644382-zh_CN-zip&fasttmpl_flag=0&realreporttime=1682039456152&devicetype=android-30&version=280022f5&nettype=WIFI&lang=zh_CN&countrycode=CN&exportkey=n_ChQIAhIQGov4U%2FhjM9mM%2FBOaXMe0XBLwAQIE97dBBAEAAAAAADQrEZI4VzgAAAAOpnltbLcz9gKNyK89dVj0pxNl4EhIbpIUmOrtzQX4bTdiosqhh7mAeWSRqV48ouvHXTDazPoy8d7FMdQxW02Dg7q9edwdUGehta%2F%2F0Y1hFRtOElKpE4e0cCqbNKdKnXe2lKmYWb26Ju6CQJveh4pTPpY6NcKJLtDpxsMHjwM%2FWw3v%2FTHoN9X2B7cIGEtyZACh248ISTEOliQINC8ZmLkDDqHb0%2FLmMWfffH3Rr%2BID6Nz%2BVnxQIKPA9HDCK1XvGeeKBN0Rbio2DTHtTh8wepz2MpwHUY8BLtCsvA%3D%3D&pass_ticket=uVliBe75%2FUwIT8ocinqCalxxg6xWScfEGDyqmM4EqLcoSSfGrS57vflpE6saaLcurhRL4hnQTezdeZp3UqrNWw%3D%3D&wx_header=3),,计算机学院“系扣”育人工作室招新啦！
生活,【五一假期通知】各位同学下午好，根据校区办公室发布的《关于2023年劳动节放假安排的通知》，2023年4月29日（星期六）至5月3日（星期三）放假调休，共5天。放假期间本科生、研究生停课。4月23日（星期日）、5月6日（星期六）学生按照课表正常上课。详见http://due.hitsz.edu.cn/info/1040/4947.htm 请各位同学按照课表上课，谢谢！,2023年4月29日,五一假期通知：2023年4月29日至5月3日放假调休，共5天。放假期间本科生、
生活,【“程序援”学风涵养工作室招新通知】@所有人  大学生活的我们，是否对未来感到迷茫： 想要投身科研，却不知道自己想要加入哪类导师组、做哪一方面的研究； 想要冲刺考研，但是没有精确的计划和行动...... 你那经历了现实洪流冲刷后的心，是否还留有对理想未来的火种? 你是否心中有万千思绪，想说与老师听? 你是否心中有璀璨繁星，愿照亮他人摸黑蹒跚的路? 加入“程序援”学风涵养工作室，帮你解决这些问题！,,【“程序援”学风涵养工作室招新通知】@ 所有人大学生活的我们，是否对未来感到迷茫
生活,[青春学海路，共赴“程序援”学风涵养工作室！ (qq.com)](https://mp.weixin.qq.com/s/CmT4JTS1LJvUZzu9k_aIbw)**现在“程序援”学风涵养工作室面向全院学生招新啦！**我们将针对同学们在**学业上的困惑和需求**，提供**有价值的帮助**，减少学业**迷茫**，提升学业成就，共同传承我院优良学风，为同学们的**学业发展保驾护航**；同时锻炼个人能力，提升沟通工作本领，更加全面的发展自己；弘扬科学家精神，涵养优良学风的生动载体，也是创新人才培养形式的新举措。,,青春学海路，共赴“程序援”学风涵养工作室！
生活,工作室将聚焦弘扬科学家精神、建设优良学风，支持青年学生开展各种**研究创作传播活动**，让青年人真正成为学习主体、传播主体、实践主体，推动形成良好**学风建设生态。 ** **欢迎大家加入学业帮扶与学风涵养工作室！**,,工作室将聚焦弘扬科学家精神、建设优良学风，支持青年学生开展各种研究创作传播活动，让青年人真正成为学习主体、
生活,各位同学，@所有人  大学城体育中心健身房在运动会期间免费为哈工大（深圳）师生开放，带好校园卡即可进入，有体育老师专业指导，欢迎大家来运动。,,运动会期间免费为哈工大（深圳）师生开放，带好校园卡即可进入，有体育老师专业指导，欢迎
生活,本周六一起“趣”！https://mp.weixin.qq.com/s?__biz=MzA4OTY3NTEzMw==&mid=2651940734&idx=1&sn=3c27d00fce783de00e33db9d65d9c439&chksm=8bf2836cbc850a7a5a121cc6fa02722232dcd7488738a6a88d3a087574f8f6ed5ce298384e59&mpshare=1&srcid=0414N62PY60hJXVnzm6pxf3I&sharer_sharetime=1681474347569&sharer_shareid=d15ed5e6e83736f21bd37c63e89eb9a4&from=groupmessage&scene=1&subscene=10000&clicktime=1681474426&enterid=1681474426&sessionid=0&ascene=1&fasttmpl_type=0&fasttmpl_fullversion=6636015-zh_CN-zip&fasttmpl_flag=0&realreporttime=1681474426777&devicetype=android-30&version=28002253&nettype=WIFI&lang=zh_CN&countrycode=CN&exportkey=n_ChQIAhIQoMSoCUXpGG0HdN4HhNfuKxLwAQIE97dBBAEAAAAAAIBVMjTUt3IAAAAOpnltbLcz9gKNyK89dVj0u1fPu2%2BW3xQJuf3Hp4IYnLlR1DGaGIjeMrWYyKLl4uCNZtqytBlNq6Ll1iuTCbnvXoXh8XaNudhVv0TMVYyf6xqd4rOyjRWR7J0jnrHcP5iGJr2t3mxkTX6M0t9p5oAK6bwL%2F%2FoEKfztbO4yQHUio03ZD83qaLR7c68FX1%2F0IOw2LEjvb%2BJ2j%2FwqXJ9IRupjQFMWkEa6q1b4Q4KN52jmGTscKXTVjyTbFghJoDBoYLI3VHDBPHKLj2e9qoupMwh%2Bao9XNxvFGM%2Fr0w%3D%3D&pass_ticket=MZT2gdx9BsoWYdZdD7%2BjCBsD0PkEL4lUyFJizlOiIJXjIbwKjGPMZwVuZ253XQ58tax9ZdDjjmU2bDjxee9AIw%3D%3D&wx_header=3**本周六下午2点** **哈工大深圳校区将在深圳大学城体育场** **举办趣味运动会** **@校区全体师生** **一起“趣”!**  本届趣味运动会秉着**“全民健康、全体参与、丰富校园文化”**宗旨，以求达到**“提高全体师生身体素质、提高全校体育健身水平、提高全员参与程度”**目标。此次运动会是校区体育盛事，也是广大师生展示风采、促进交流的舞台。大家一起来快乐呀@所有人,,本周六下午2点，哈工大深圳校区将在深圳大学城体育场举办趣味运动会
生活,【桃源街道活动邀请】@所有人  各位同学：桃源街道近期组织多项趣味活动：,,【桃源街道活动邀请】@ 所有人各位同学：桃源街道近期组织多项趣味活动：
生活,"1. 4月12日下午（本周三）14：00-17：30，跟党一起话创业，听大咖分享ChatGPT前沿技术，走进名企芯思杰参观学习。地点：南山智园党群服务中心，扫描海报二维码即可报名。
2. 4月14日（本周五）15：00-16：30，街道团工委将举办“我的青春不一 young，奔跑吧青年!”主题活动，活动详情见下方通知，通过扫描海报二维码即可报名，报名成功后请识别二维码进群。报名截止时间为4月13日下午前。",,南山智园“我的青春不一young，奔跑吧青年”主题活动
生活,"【趣味运动会运动员报名通知】哈尔滨工业大学（深圳）第六届运动会暨趣味运动会将于4月15日在深圳大学城体育中心体育场举办，欢迎各位同学积极报名，请感兴趣的同学于4月9日19：00前报名参加，并填写飞书运动员报名表。[2023趣味运动会报名表](https://hitsz.feishu.cn/share/base/form/shrcnP5UFK4H867ekTVzyXHVxqd)  比赛项目包括单项趣味项目和团体趣味项目，单项趣味项目包括：飞镖，脚踏实地，充气毛毛虫，超级大灌篮，充气火箭，游龙戏珠，众星捧月，与时俱进。团体趣味项目包括：摸爬滚打，拔河，超级麻花，财源滚滚。具体参赛人数要求、参赛时间以及比赛规则请查看趣味哈工大2023运动会策划方案pdf文件，按照项目参赛人数规定报名。  比赛同时设置了奖项：获得各组团体总分前3名的队伍颁发奖杯,4-6名队伍颁发锦旗；获得前6名的运动员给予物质奖励，获得前3名的运动员颁发奖牌。请各位同学积极报名参加~~",,趣味运动会运动员报名通知| 哈尔滨工业大学（深圳）第六届运动会暨趣味运动会将于4月15日在深圳大学城体育中心举办
生活,“程序援”学风涵养工作室成立座谈会 同学们看过来！@所有人  学院拟成立“程序援学风涵养工作室”，目的是针对同学们在学业上的困惑和需求，提供有价值的帮助，减少学业迷茫，提升学业成就，共同传承我院优良学风。在成立之前，我们邀请部分同学进行座谈，以便了解大家对学业支持工程的需求、诉求与想法。 座谈会于2023年4月9日星期日下午4点钟于T5503教室开展。 在学业上有迷茫和困惑，需要引导； 在学业上有困难，需要帮辅； 对学业支持、学风涵养工作感兴趣或有想法； 勇于提出问题，问题才有可能被解决，如果你想参加座谈，请填写以下报名表并进入咨询群。让我们一起为学习助力，共同进步！[“程序援”学风涵养工作室需求收集](https://hitsz.feishu.cn/share/base/form/shrcnGT7T2F3TOQiBKLBfVIpj4e),2023年4月9日,“程序援”学风涵养工作室成立座谈会同学们看过来！
生活,【冠军校园行主题讲座】@所有人  各位同学：    关于参加“冠军校园行”主题讲座的通知已挂网（http://info.hitsz.edu.cn/content.jsp?urltype=news.NewsContentUrl&wbtreeid=1023&wbnewsid=3446），校区将邀请羽毛球世界冠军陈金、跳水奥运冠军王鑫于本周六来校宣讲。    请感兴趣的同学填写下列收集表报名，名额有限，先到先得，报满为止，报满后将无法填写问卷，报名前请注意课程和活动时间是否冲突，以免浪费活动名额。 【腾讯文档】参会名单-冠军校园行主题讲座230408 https://docs.qq.com/form/page/DVmRDS0Zwa1NKSmxL,,关于参加“冠军校园行”主题讲座的通知
生活,[茶话计科，说出你的声音！](https://mp.weixin.qq.com/s/o-Cx6hMDt2E3QW2sv19kSg) 在日常的学习生活中，你是否感到身边存在着纷繁杂乱的问题？你是否感到有许多渴望倾诉却没有机会说出口的问题和建议？这一次，由学院团委举办的“院长书记茶话会”活动强势来袭，旨在帮助同学们解决更多切合计科学子利益的问题，以更轻松的方式，解决最实际的问题。下面就让我们一起来看看活动的具体情况吧！  咱们的第一届院长书记茶话会，麻烦各位导员帮忙宣传转发一下呀～,,“院长书记茶话会”强势来袭，帮你解决科学子的利益问题！
生活,【报名最后一天】@所有人  各位同学，计算机学院生涯规划与就业指导工作室招新啦，欢迎同学们踊跃报名加入！详情见推文：[计算机学院生涯规划与就业指导工作室招新啦！](https://mp.weixin.qq.com/s/GLzIKmOgvQmvfEa1h25mTw)作为计科一员 想要了解如何进行个人学业生涯规划和发展定位？想要知道秋招春招流程？想要知道相关公司需要什么样的人才？别等到找工作的时候才发现自己！现在，机会来了，不管你是本科生还是研究生，只要加入我们，你就可以：触达专业的职业生涯咨询师，链接优秀校友、优秀朋辈榜样，了解计算机相关行业发展现状，熟悉行业公司详情，掌握计算机相关行业招聘需求，锻炼信息搜索、协调沟通技能。最重要的是能帮助你拓展职业视野、合理规划职业，有针对性的学习提高，让就业不再临阵磨枪！,,【报名最后一天】@ 所有人| 计算机学院生涯规划与就业指导工作室招新啦！
生活,电动车临时上牌点@所有人  安装车牌地点：哈工大（深圳）荔园一食堂门口。 时间：4月1日-4月9日（9:00-12:00、14:00-18:00）,,4月1日-9日哈工大荔园一食堂门口电动车临时上牌点
重要通知,"【2023年深圳大运留学基金会资助申请】 同学们请注意，2023年大运留学基金资助遴选工作已启动，详见官网通知：深圳大运留学基金会2023年资助学生遴选公告（https://www.suisf.org.cn/info/1009/1251.htm）,有意向报名的同学请在4月26日之前填写该问卷：https://www.wenjuan.com/s/UZBZJvtkiJh/#",,2023年深圳大运留学基金会资助申请
重要通知,本年度图书馆勤工俭学岗位信息：@所有人  [信息快递 - 资讯 - 深圳大学城图书馆 (utszlib.edu.cn)](https://utszlib.edu.cn/article/view/id-13021.html?locale=zh_CN)因图书馆业务发展需要，现面向大学城三校发布2023年新学期勤工俭学信息。工作岗位：读者服务 工作时间：周一至周五晚上，周末及法定节假日全天，每人每月不超过32小时。 工作报酬：时薪25元。 招聘人数：4-5人。工作内容：负责读者咨询、图书流通管理、上机管理、文献传递以及责任馆员交办的其他工作。 岗位要求：（1）对待工作积极主动、责任心强；（2）在服务台值班时，严格遵守窗口礼仪规范；（3）持有关证明的贫困生优先安排。  需申请图书馆勤工俭学岗位的同学，请于2023年4月14日之前，将 [勤工俭学申请表(空表）.doc](https://www.utszlib.edu.cn/UserFiles/editor/1577409394653.doc?locale=zh_CN) （需导师或辅导老师签名），直接送至图书馆二楼总服务台，或发送邮件到[zhouy@utszlib.edu.cn](mailto:zhouy@utszlib.edu.cn)。图书馆将按岗位需要从2023年4月下旬开始安排勤工俭学。,2023年4月14日,深圳大学城图书馆2023年新学期勤工俭学岗位(4-5人)
重要通知,"【2022年度中国大学生自强之星】关于推报2022年度 “中国大学生自强之星”奖学金的通知已挂网（http://info.hitsz.edu.cn/content.jsp?urltype=news.NewsContentUrl&wbtreeid=1023&wbnewsid=3444），“中国大学生自强之星标兵”将有证书及10000元奖学金，“中国大学生自强之星”将有证书及2000元奖学金，学院可推荐不超过1名候选人，并于4月10日（星期一）10:00前发送相关材料给辅导员老师，逾期将视为放弃。
参考链接：[2022年度“中国大学生自强之星”奖学金推报活动开启啦！](https://mp.weixin.qq.com/s/YE0EoSY1zlbszxT3VgYM2w)",,关于推报2022 年度“中国大学生自强之星”奖学金的通知
垃圾与乐子,【各类诈骗施骗套路解析】以上是各种诈骗套路的解析，带你全方面了解诈骗话术，大家要认真学习，避免被套路，保护自身财产安全[举手]@所有人,,各类诈骗施骗套路解析，带你全方面了解诈骗话术，大家要认真学习，避免被套路，保护自身财产安全
垃圾与乐子,今日谷雨 | 雨生百谷万物长，消防安全不能忘！民间在谷雨节气有摘谷雨茶、走谷雨、祭海、吃春、赏花等习俗 因降水增加 不论您是外出还是居家 以下消防安全事项要多注意！https://mp.weixin.qq.com/s/ROfIAhNAygPZQJdSxHGbCQ,,今日谷雨| 雨生百谷万物长，消防安全不能忘！民间在谷雨节气有摘谷雨
垃圾与乐子,@所有人  同学们好，请同学们按时观看“千万师生同上一堂国家安全教育课”、“国开大讲堂 国家安全教育公开课”提高国家安全意识[冲！]（观看方式见下方通知）。 另附观看方式：4月14日15时，“千万师生同上一堂国家安全教育课”将通过中国大学生在线官网（https://dxs.moe.gov.cn）及中国大学生在线视频号、微博、快手、B站等直播平台发布。“央视频”推出国防教育系列课程作为“全民国家安全教育公开课”，现已通过国开学习网（http://gjaqjy.ouchn.deu.cn）向全社会免费播放。,,4月14日15时“千万师生同上一堂国家安全教育课”微博、快手、b站等直播
垃圾与乐子,【诈骗案例通报】@所有人        各位同学，近期校区学生发生被诈骗案件2起，案件通报如下：       案件1：我校学生报警称，3月27日该生被好友拉进一个微信群，在群里扫码下载货币买卖投资软件，按照对方提示操作，被骗数百元。       案件2：我校学生报警称，4月11日该生QQ收到“高中同学”信息，谎称家人住院急需用钱，该生轻信、未打电话核实，被骗数千元。       虚拟货币、冒充好友这类诈骗已宣教多次，请同学们一定提高警惕，保护好个人财产安全，谨防被骗。,,同学们，近期校区学生发生被诈骗案件2起，请大家提高警惕，保护好个人财产安全，
垃圾与乐子,各位同学，春季是流感高发期，气温变化大，近期校园内感冒发烧的同学也有很多，大家在学习之余要重视自己的身体健康，戴好口罩@所有人 [国家疾控局：这三类情形或场景仍应戴口罩 (qq.com)](https://mp.weixin.qq.com/s/Dj-0OhDp8kmDS4eWC0I2Sw),,国家疾控局：这三类情形或场景仍应戴口罩(http: //mp. weixin. qq.
垃圾与乐子,"【诈骗案例通报】@所有人        各学院，近期校区学生发生被诈骗案件三起，案件通报如下：       案件1：学生报警称，3月29日该生收到一条陌生短信，称其包裹丢失，添加微信后，按照对方的提示操作，被骗数千元。       案件2：学生报警称，4月1日该生下载某约炮软件后，按照对方提示操作进行刷单，被骗数千元。       案件3：学生报警称，4月2日该生在4399游戏平台玩""三国杀”时，看到有人发布要买游戏账号信息，添加QQ号后，按照对方的提示操作，被骗数千元。      请各位同学提高警惕，不要脱离付款平台线下转账，不轻信陌生人，转账之前“先核实，后转账”，不要存在侥幸心理。",,近期校区学生发生被诈骗案件三起请大家提高警惕
升学,1、关于申报2023年环太平洋大学联盟本科生领袖计划的通知 [http://info.hitsz.edu.cn/content.jsp?urltype=news.NewsContentUrl&wbtreeid=1028&wbnewsid=3223](http://info.hitsz.edu.cn/content.jsp?urltype=news.NewsContentUrl&wbnewsid=3223&wbtreeid=1028) 申报时间：2023年3月5日前 项目时间：2023年6月25日-7月6日,2023年3月5日,关于申报2023年环太平洋大学联盟本科生领袖计划的通知
升学,2、关于申报2023年汉阳大学RED LION SCIENCE硕博奖学金项目的通知 [http://info.hitsz.edu.cn/content.jsp?urltype=news.NewsContentUrl&wbtreeid=1023&wbnewsid=3240](http://info.hitsz.edu.cn/content.jsp?urltype=news.NewsContentUrl&wbnewsid=3223&wbtreeid=1028) 申报时间：2023年3月2日前,2023年3月2日,关于申报2023年汉阳大学red lion science硕博奖学金项目的通知
升学,【交流交换】关于申报2023年德国亚琛工业大学暑假学分课程的通知 [http://info.hitsz.edu.cn/content.jsp?urltype=news.NewsContentUrl&wbtreeid=1023&wbnewsid=3199](http://info.hitsz.edu.cn/content.jsp?urltype=news.NewsContentUrl&wbnewsid=3199&wbtreeid=1023) 项目时间：2023年6-8月期间； 申报时间：2023年4月1日或5月1日前，具体以所选课程为准，3月1日前申报可享受10%早鸟优惠。,2023年4月1日,2023年德国亚琛工业大学暑假学分课程的通知
升学,@所有人 各位同学关注自己的选课信息和课表，如果有需要补选，请最晚开学前两周内办理，超过三分之一及以上学时，教务不受理补选。,,@ 所有同学：如果有需要补选，请最晚开学前两周内办理，超过三分之一及以上学时，教务不受理补选
升学,【交流交换】关于申报2023年约克大学暑期课程的通知 [http://info.hitsz.edu.cn/content.jsp?urltype=news.NewsContentUrl&wbtreeid=1023&wbnewsid=3180](http://info.hitsz.edu.cn/content.jsp?urltype=news.NewsContentUrl&wbnewsid=3180&wbtreeid=1023),,【交流交换】关于申报2023年约克大学暑期课程的通知
升学,@所有人 【交流交换】关于举办2023年国家公派留学研究生项目讲座的通知：http://hitgs.hit.edu.cn/2023/0207/c3434a287979/page.htm,,关于举办2023年国家公派留学研究生项目讲座的通知
志愿,各位同学：@所有人  鹏城实验室与新一代人工智能产业技术创新战略联盟（AITISA）拟于 2023 年 2 月 24 日-25 日在深圳市人才研修院举办第四届 OpenI/O 启智开发者大会。现面向我院学生招募志愿者，可以接触前沿领域，机会难得，大家积极报名呀[碰拳] 同学们可扫码报名，参与当天有车接送，具体事宜可联系通知中的鹏城负责人。,,关于举办第四届openi/o启智开发者大会的通知
教务,【MOOC课程】各位学生：先不要急于登录MOOC平台注册，务必等教务部正式通知发布后，按通知里不同MOOC平台登录方式进行正确操作后，方可开始课程学习。否则是上课过程和成绩作废。,,【mooc 课程】各位学生：先不要急于登录mooc 平台注册，务必等教务部正式通知发布后，按
教务,【南科大共享课的同学入校】各位选了南科大共享课的同学，请按照这个指引办理入校。本周选课结束以后，教务会把选课名单导给南科大，南科大会给同学们办理入校卡，同学们凭卡入校即可。https://hitsz.feishu.cn/file/boxcnlSf89IeZgbfP7mluM0CKLc,,【南科大共享课的同学入校】本周选课结束以后，教务会把选课名单导给南科大，南科大会给
教务,【文理通识课和mooc的直选式改补选】今日13时-26日23时将进行文理通识课和mooc的直选式改补选，其中新增了14门丽湖共享课，请感兴趣的同学补选。另外，春季学期部分课程仍有大量余量，详见附件：https://hitsz.feishu.cn/sheets/shtcnA5iZLMys1HtGn1ckZZkHPf,,今日13时-26日23时文理通识课和mooc的直选式改补选，新增了14门丽湖
教务,【文理通识课 mooc】的退补选将于26日23时截止。请同学们及时选课。,,【文理通识课mooc】的退补选将于26日23时截止。请同学们及时选课。
教务,【关于课程、离校离深请假方式的通知】同学们，由于疫情防控形势的变化，对请假和离校离深审批做出如下调整和明确。 1. 原《疫情期间的离校离深申请表》和《疫情期间的返校申请表》停止使用。 2. 以下情况需要请假：缺课、离校（在校外过夜）、离深（包括法定假期、周末时间；无论是前往深圳周边城市，还是前往更远的地方，均需要）。 3. 根据学校要求结合学院实际情况不同情况下请假方式如下。 4. 缺课请假：在飞书->工作台->审批->学生请假模块提交。 5. 离校或离深请假：至少提前一天在哈小深服务号->请假管理模块提交，需写清楚离校离深原因及前往地点，返校后需要及时在“哈小深服务号->请假管理“模块销假。 6. 离校离深 且 缺课：飞书和哈小深服务号都要提交请假，返校后需要及时在“哈小深服务号->请假管理“模块销假。,,【通知】关于课程、离校离深请假方式的通知
教务,【中国大学MOOC平台学生认证及学习方式】中国大学MOOC平台学生认证及学习方式： 1.进入本校课程中心 https://www.icourse163.org/spoc/university/HEBGYDXSZ#/c进行登录（无账号请先注册）。 2.点击“认证成为本校学生”，输入学校名称：哈尔滨工业大学（深圳）、学号（学号前不要加“3”）、姓名、身份证后6位（留学生护照后6位）进行认证。 注：请将昵称设置为：“HITSZ+姓名+学号”，便于后期管理。 3.认证完成，进入我的学校云。在“本校专属课程（SPOC）”中点击要学习的课程，进入介绍页面点击“立即参加”即可完成报名。 如果大家有关于“中国大学MOOC”网站用户认证等问题，可直接咨询教务部周老师QQ号：5419009 （或在工作时间致电0755 86566053）。,,中国大学mooc 平台学生认证及学习方式
教务,【文理通识课和mooc的直选式改补选】今日13时-26日23时将进行文理通识课和mooc的直选式改补选，其中新增了14门丽湖共享课，请感兴趣的同学补选。另外，春季学期部分课程仍有大量余量，详见附件：https://hitsz.feishu.cn/sheets/shtcnA5iZLMys1HtGn1ckZZkHPf,,今日13时-26日23时文理通识课和mooc的直选式改补选，新增了14门丽湖
教务,@所有人  各位同学，开学第一周内文理通识和MOOC是可以退改补的，系统直接自己可以操作。所有的课程超过三分之一以上不可以再退课。所有曾经找我特殊退改补的同学，自己再看一下自己的课表，是否有更新，以系统电子课表为准。由于执行计划个别学期个别课程开课时间可能会有调整，还有需要补修或者重修课程的同学，请找我确认下自己还需要上的课程，最新的开课时间，尽早完成学业要求。,,通知：开学第一周内文理通识和mooc 可以退改补的，系统直接自己可以操作。所有的课程超过三分之一
教务,【2023年春季学期人脸识别注册】2023年春季学期下周正式开始，请查收关于2022-2023学年春季学期报到注册的通知：http://due.hitsz.edu.cn/info/1040/4813.htm。春季学期注册时间为2月15日8:00-2月19日23:00，请各位同学及时返校，按时完成人脸识别注册。根据教育部第41号令及学生手册的规定，未经请假无故逾期两周不办理报到注册手续的学生将以退学处理。,,2023年春季学期人脸识别注册
思政,【奥林匹克大讲堂活动通知】学校邀请到中国冬奥速度滑冰首金得主张虹女士，做客奥林匹克大讲堂，开展“奥运冠军的成长之路”一校三区专题讲座，时间：2月24日（星期五）18:30，地点：F栋报告厅。 本次活动算作一次学院指定的纳入综测的活动，会进行考勤。  着装要求：请参加活动的师生统一着白色上衣及深色长裤 （裙），佩戴党徽或团徽。  请同学报名并将信息填入下表：https://hitsz.feishu.cn/sheets/shtcnRlxYasjjPB154XApyOp1xe?from=from_copylink请转达今晚参会的同学几点注意事项：1. 着装要求：白色上衣、黑色长裤、党团徽 2. 18:10分完成落座。@所有人,,中国冬奥速度滑冰首金得主张虹女士做客奥林匹克大讲堂，开展“奥运冠军的成长之路”一校三区专题
思政,【关于选拔校区团委直属部门学生干部通知】同学们好： 为进一步保持和增强校区共青团组织的凝聚力和战斗力，培养高素质学生干部队伍，更好地组织和开展共青团各项工作，经校区团委研究决定，现面向全体全日制在籍学生选拔深圳校区团委各职能部门学生干部，具体事宜通知如下： http://info.hitsz.edu.cn/content.jsp?urltype=news.NewsContentUrl&wbtreeid=1023&wbnewsid=3214,,【关于选拔校区团委直属部门学生干部通知】
思政,【关于递交入党申请书的通知】为进一步优化党员队伍结构，保持基层党组织的先进性，请有意愿入中国共产党的同学在2月28日以前，向学院党委递交入党申请书。 递交材料：入党申请书封面和入党申请书（订一起） 落款时间：2023年2月13日 递交方式：各团支书统一收集入党申请书，并填写班级内入党积极分子备案登记，于截至日期前交至各班辅导员老师处。 注意事项：按照统一格式用黑色中性笔或钢笔书写在哈工大（深圳）入党申请书专用打印稿纸上，字数在2000字左右。字迹要清晰工整，避免涂抹不洁、难于辨认。请同学们一定注意内容中不要出现内容错误，例如：党的指导思想不写完整，用“习总主席”“李克强主席”等错误的称呼。特别禁止网上抄袭别人的申请书，申请书中书写与自身经历不符合的内容，例如写“自己作为一名工人···”“自己作为一名公司职员···” 入党条件 1、年满18周岁以上的中国工人、农民、军人、知识分子和其他革命分子 2、承认党的纲领和章程 3、愿意参加党的一个组织并在其中积极工作 4、执行党的决议 5、按期交纳党费  相关文件 https://hitsz.feishu.cn/file/boxcnkUxBqeWg6EtNfHZHEVc34x,2023年2月13日,哈工大（深圳）学院党委关于递交入党申请书的通知
心理,[讲座预告丨睡眠与作息调节](https://mp.weixin.qq.com/s/7ocHmQhTcqcqrLOxnENeTw)北大今晚有睡眠心理讲座，资源共享，欢迎同学们参加@所有人,,讲座预告丨睡眠与作息调节| 北大今晚有睡眠心理讲座
心理,【学生心理咨询服务】新学期开始了，很多同学即将迎来新的适应与挑战，大家也要多关注自己的心理健康，享受快乐新学期,,【学生心理咨询服务】新学期开始了，很多同学即将迎来新的适应与挑战，大家也要
心理,各位同学@所有人  开学在即，心理中心推出两篇推文，帮助同学们摆脱寒假综合症，做好科学的时间管理，元气满满迎接开学，迎战考试！ 开学收心，这几招助你元气满满！[开学收心，这几招助你元气满满！](https://mp.weixin.qq.com/s/0ZUFCryOePWsBuN-lcaHGA)复习备考，你的时间你做主！[复习备考，你的时间你做主！](https://mp.weixin.qq.com/s/vRSSLL5D8ly-RKJGL-Lqpg),,开学收心，这几招助你元气满满！
作业与考试,请各位同学不要忘记下午的考试呀，也提醒一下寝室室友[灵光一闪] 预祝大家考出好成绩@所有人,,请同学们不要忘记下午的考试呀，也提醒一下室友[灵光一闪] 预祝大家考出好成绩@ 所有人
作业与考试,【2022秋季学期未完成的期末考试及补考考试安排】2022年秋季学期未完成的期末考试将于2023年2月13日（第0周周一）开始进行，2022年秋季学期已完成期末考试的补考（简称第一批补考）将于2月24-26日举行，现均已在系统公布考试信息。请各位同学登录教学管理与服务平台或者本研教学服务app查看考试时间。       注：这次在第0周有期末考试，情况非常特殊，请各位同学一定要提前查看考试时间，并合理安排复习，以防错过第0周的考试。再次提醒各位同学，下周一即开始进行上学期未完成的期末考试，请各位同学提前返校，并登录系统查看自己的考试时间，按时参加考试。考试迟到超过15分钟将按照旷考处理，旷考无补考资格。,2023年2月13日,【公告】2022 秋季学期未完成的期末考试及补考考试安排
竞赛与机会,【集创赛芯原杯报名，欢迎同学们了解参与】第七届集创赛芯原杯已开启报名啦！欢迎各位学生踊跃参与。 https://mp.weixin.qq.com/s/rVg_l2_WdOGlwIsf1lZAxg第六届集创赛，**芯原杯**在**创业实践赛道**与参赛师生团队共同见证了中国芯的创新应用，看到了新一代IC人敢闯会创的风采。第七届集创赛与**芯原**再次携手，带来数字与SoC设计方向的赛题**《基于芯原DSP核的智能语音识别SoC设计》**，期待看到参赛团队在芯原杯的精彩表现！,,集创赛芯原杯报名，欢迎同学们了解参与
竞赛与机会,【电子设计校赛通知】各位同学，由实验与创新实践教育中心主办、电子创新设计社团承办的第二届哈尔滨工业大学（深圳）电子设计竞赛将于3月中旬举行，现已启动报名，全体本科生均可报名参赛。项目设置、比赛时间、报名方式、咨询方式等信息详见校内通知：http://due.hitsz.edu.cn/info/1485/4827.htm。,,哈尔滨工业大学电子设计校赛通知
竞赛与机会,【节能减排校赛通知】各位同学，今年校区将举办哈尔滨工业大学（深圳）第五届大学生节能减排社会实践与科技竞赛，所有在校全日制本研学生皆可组队参赛，校赛优秀作品有机会被推选参加第十六届全国大学生节能减排社会实践与科技竞赛。更多信息请见校内通知：http://due.hitsz.edu.cn/info/1485/4826.htm。,,哈尔滨工业大学(深圳) 第五届大学生节能减排社会实践与科技竞赛通知
竞赛与机会,各位同学，近期“挑战杯”相关通知请查收，积极报名参加[举手]：@所有人,,各位同学，近期“挑战杯”相关通知请查收，积极报名参加[举手] ：@ 所有人
竞赛与机会,【第十八届“挑战杯”竞赛红色专项活动】[第十八届“挑战杯”竞赛红色专项活动](https://mp.weixin.qq.com/s/3D0AECCSKxCHG1K4nJWFgQ)，8月11日前报送作品至校区团委，作品应该是既有短视频、又有调研报告（两者为1件整体作品），参加活动报备及作品提交方式另行告知。,,第十八届“挑战杯”竞赛红色专项活动
竞赛与机会,【第十八届“挑战杯”竞赛黑科技展示活动】第十八届“挑战杯”竞赛黑科技展示活动](https://mp.weixin.qq.com/s/0rSbyCX4GgyiLS6AAeWDDA)，6月开始报作品，可以是视频或者图文（请关注“创青春”微信公众号，发布报送渠道），注意同一作品不得同时参加主体赛事自然科学类学术论文、哲学社会科学类调查报告、科技发明制作作品评比。,,【第十八届“挑战杯”竞赛黑科技展示活动】(https: //mp. weixin. qq. com/s/
企业参观与就业,【线下招聘会来啦，请同学有时间可到场感受求职氛围并了解岗位情况】今年就业形势复杂严峻，春招岗位稀缺，为实现高质量就业目标，大学城内三所高校特举办“清北哈‘职’缘，才聚大湾区——第二届重点用人单位就业实习双选会（深圳大学城专场），现通知如下： 时间：2月24日（周五）14:00-17:00 地点：深圳大学城体育中心体育馆 参会单位：华为、比亚迪、腾讯、中兴、招商蛇口、迈瑞等129家重点用人单位。　招聘会亮点： （1）企业高管洽谈区，同学们可准备行业发展、职业发展等相关问题，现场与企业高管面对面交流。 （2）企业科技展示区，同学们可现场参观体验。 （3）简历诊断和职业咨询服务，现场将有三校职业咨询师为同学们解疑答惑。   参会指南详见哈工大（深圳）就业网 https://job.hitsz.edu.cn/xwtzxq?lx=0&id=865986e9abbe4aaa90b58d2ea6ed7ea6,,【线下招聘会】华为、比亚迪、腾讯、中兴、招商蛇口、迈瑞等129家重点用人单位，约吗
企业参观与就业,【华为晟腾社区的线下开发者大会】华为晟腾社区的线下开发者大会，有意向的同学抓紧报名哦 也以加入微信群了解详情~~~ 链接：https://www.hiascend.com/developer/activities/details/10693f8689a24c37815e591e809ee31b,,华为晟腾社区的线下开发者大会
企业参观与就业,【“挑战杯”揭榜挂帅专项赛，榜单发布】@所有人  面向中央部委、地方政府、行业协会、科研机构、企事业单位等广泛征集选题。经资格审查、专家评审，最后遴选出21个前沿性、应用性和可赛性较强的选题，欢迎各参赛团队选择榜单中的题目开展研发攻关，可以跨专业、跨校、跨地域组队，如有意向报名某个选题的团队请于各选题截止日期前至少提前15天联系辅导员，将为参赛团队提供支持保障，请各位同学积极报名[奋斗] 详见链接：[榜单发布！“挑战杯”揭榜挂帅！等你来战！](https://mp.weixin.qq.com/s/WgWI_Co4JKrTy0fDOf78pQ),,【“挑战杯”揭榜挂帅专项赛，榜单发布】@ 所有人面向中央部委、地方政府、行业协会、
企业参观与就业,【讲座预告】@所有人  2023年广东省省考、深圳市考行测热点知识 为了帮助同学们做好2023年广东省省考、深圳市考报考指导及复习规划，招生就业处携手中公教育开展行测热点知识指导讲座。 时间：2月3日（星期五）14:00 腾讯会议：247-908-519 会议密码：0203 详细信息：https://www.hitsz.edu.cn/article/view/id-137979.html 欢迎感兴趣的同学多多了解[欢兔喝彩],,【讲座预告】@ 所有人2023年广东省省考、深圳市考行测热点知识
生活,【关于招募综合展馆讲解员的通知】,,【关于招募综合展馆讲解员的通知】
生活,【计算机学院企业智能实验室项目开发人员招募】@所有人  我们需要： 1.技术敏感：bug定位，擅长分析错误，查看库源码debug。拿到一个开源库能够快速定位、修改。 2.热爱Coding：参与过开源项目，写过方便自己和他人的小工具。 3.有一定知识基础：Linux基本操作（pipe，ssh，vim，），网络知识（telnet发个包，gzip，stream response，代理，路由，配置软路由，ssh tunnel） 4.以上非硬性条件，如有其他擅长方面也请积极报名！ 我们提供： 1.实验室有近百台设备运行组内编写的系统，服务于实验中心几十号人与相关设备管理，参与项目开发可以获得宝贵的开发运维经验。 2.灵活安排任务，每月根据工作量发放补助，最高800元。 3.与实验室师兄/师姐宝贵的交流机会，了解实验室近几年毕业生情况。 报名点击以下链接 【腾讯文档】2023企业智能实验室招新问卷 https://docs.qq.com/form/page/DTUtWQllmZlBrclNI,,计算机学院企业智能实验室项目开发人员招募
生活,哈工大（深圳）赛艇队招新啦～@所有人  🚣想在傍晚时分在河上吹吹晚风吗？想在早上伴着朝阳迎接新的一天吗？ 🚣想在赛场上挥洒汗水击水呐喊吗？想和一群爱好相似的朋友们一起训练，拥有轻松快乐的时光吗？ 🚣想让自己拥有一段激昂拼搏的难忘的青春回忆吗？ 🚣我们有专业的教练带领训练、专属的训练空间、顶顶好的训练设备！在这里你会习得技巧，锻炼身体，体会到团队一齐跟桨齐进的团结，赛艇在水中冲刺的快感！在呐喊声中前进，你会庆幸自己的坚持，庆幸自己的奋斗！ 🚣加入我们，一起创造哈工大（深圳）赛艇队新的辉煌！ 🚣感兴趣的同学们赶紧加入微信群吧，期待你哦～,,哈工大（深圳）赛艇队招新啦，快来加入我们，一起创造新的辉煌！
生活,【第十六届“辩在荔园”校辩论赛报名开始！】 本次辩论赛由紫丁香辩论社主办，通过选取多样性与公平性共存的辩题，营造积极思考、勇于创新的校园文化氛围，旨在提升我校辩论水平，为校内学子提供丰富的课余文化生活。ps：作为校级文体竞赛，参加或参加并取得名次均可以综测加分哦～大家快冲！ 报名细则如下： 报名范围：全校范围内本科生、研究生 队伍人数：4-8人，推荐6人 组队要求：可院内自行组队，不能成队的由主办方进行安排 报名时间：即日起至3月3日24:00 报名方式：联系各院负责人（如有未覆盖到的研究生院，请扫码进群咨询主办方） 各院负责人名单如下： 计科：郑慧生 qq：1071690843 数学：邹子健 qq：1805484709 机电：夏昊天 qq：1178589390            周浴崙 qq：1657980703 电信：兑一荻 qq：3107318443 经管：旷淑宁 qq：279753232 建筑：王  诺 qq：2594827793 材料：袁紫睿 qq：1041223711 土环：王稀驭 qq：2036715933 国设：李诗琪 qq：1901554315 热烈欢迎大家扫码进群了解赛事更多信息哦！,,【第十六届“辩在荔园”校辩论赛报名开始！】
生活,【学生工作部（处）/团委学生助管招聘通知】学生工作部（处）/团委因工作需要，现面向全校招聘 2023 年春季学期学生助管 4 名@所有人,,【学生工作部（处）/团委学生助管招聘通知】
生活,[天“文”地“理”，“通”才达“识”丨文理通识选课指南（一）](https://mp.weixin.qq.com/s/qxBYK5-YoywG6RmnpOe4IQ)春季学期选课即将开启，面对琳琅满目的文理通识课程，你是不是还没拿定主意？担心内容不对自己胃口？担心作业太难完成不敢尝试？让我们来解决你的问题！今天我们邀请到“现代汉语”“诗歌与朗诵”“学术写作指导”三门文理通识课程的老师为同学们解答大家最关心的问题，相信一定能让你不再纠结。快来看看吧！,,[天“文”地“理”，“通”才达“识”丨文理通识选课指南（一）]
生活,【职业技能培训补贴政策调查问卷】各位同学，深圳市公共就业服务中心为评估深圳市高校毕业生职业技能培训补贴政策实施效果，面向深圳市9所本科及以上高校开展政策了解程度的电子问卷调查（内含8道选择题，填写耗时约1分钟），现将电子问卷调查的二维码转发给同学，请同学们及时认真填写！,,深圳公共就业服务中心职业技能培训补贴政策调查问卷
生活,【助管招聘启事】,,【助管招聘启事】【帮管招聘启事-糗事百科】(1) 社会光明网
生活,招聘单位：档案与校史馆 工作内容：协助档案协理、财务档案电子化。                                                                                                             工作地点：H栋二楼 招聘范围 ：本、硕在校学生                                                                                                                                        招聘条件：对所承担的工作高度负责；热衷社会活动者优先，党员、入党积极分子、学生干部、特困生优先。 招聘人数：5人  报名方式：可直接联系张老师    手机：13919341931,,【招聘】张老师招聘档案与校史馆相关人员，5人报名，另有5个岗位等你来！
生活,【转资产处关于天桥拆除的通知】@所有人  各位同学： 施工单位拟对荔园四食堂东侧白色钢天桥进行拆除，时间为2023年2月15日至22日，施工期间周边道路将临时封闭，请师生绕道T4与T5之间道路通行，请大家不要在施工区域附近逗留。给大家带来的不便之处请谅解！,2023年2月15日,转资产处关于荔园四食堂东侧白色钢天桥拆除的通知
重要通知,@所有人 【教材补发】 各位同学好，今天（2月24日）下午16：00-19：00将补发大学物理、机械基础实验、习近平新时代中国特色社会主义思想基本问题、习近平新时代中国特色社会主义思想学习问答四种教材，请订购这四本教材且未领取的同学以班级为单位在规定时间内到T6101领取。此次为本学期最后一次统一教材发放，超过规定时间后将不会再次组织统一发放~,,2月24日下午16：00-19：00 习近平新时代中国特色社会主义思想基本问题等四种教材补发
重要通知,【关于2022级落户学生统一办理身份证的通知】 经与户政机关沟通，3月1日、3月2日“公安服务E站”进驻大学城警务室，将集中为2022年落户学生办理新身份证，具体安排请仔细阅读附件，重点要求如下：     1.为不影响后续制证领证，组织落户学生完成“粤居码”领取；     2.本人务必携带身份证，按照要求准时前往办理；     3.若原身份证丢失，请携带学生证；     4.错过本次集中办理，学校将不再统一组织，需学生个人自行预约。 请户口迁移到本校的同学注意身份证办理相关规定@所有人,,3月1日、3月2日“公安服务e站”进驻大学城警务室，将集中为2022年落户学生办理新
重要通知,@所有人 请还未刷脸注册的同学今天（2月20日）抓紧时间前去H栋、T3、T4、T5教学楼一楼大堂刷脸，人脸识别机器再放置最后一天。,,刷脸注册的同学今天（2月20日）抓紧时间前去h栋、t3、t4、t5 教学楼
重要通知,请各位同学查收关于2022-2023学年春季学期报到注册的通知：http://due.hitsz.edu.cn/info/1040/4813.htm，春季学期注册时间为截止到2月19日23:00，请同学们返校后按时注册。@所有人,,通知：2022-2023 学年春季学期报到注册的通知
重要通知,@所有人 【教材领取】  各位同学好 ，在教材网上订购的教材将于今明两天发放，请各班班长们组织一下购买教材的同学于今天（18日）下午14:00-17:00或明天（19日）下午14:00—17:00到教学楼VI（T6）一楼以班级为单位领取教材，领取清单详见附件~,,@ 所有人【教材领取】各位同学好，在教材网上订购的教材将于今明两天发放，请各班班长
重要通知,请各位同学没有完成返校全程填报的同学，今天下午尽快完成，微信扫描二维码可开始填写@所有人,,请各位同学没有完成返校全程填报的同学，今天下午尽快完成，微信扫描二维码可开始填写@ 所有人
重要通知,请各位同学到哈小深服务号中完成“2023年22级学生健康台账”调查问卷，截止时间为2月1日（今天）晚10：00[机智]@所有人  操作步骤：哈小深服务号-学生中心-填报／问卷-2023年22级学生健康台账,,哈小深“2023年22级学生健康台账”调查报告
垃圾与乐子,文理通识选课推荐之《大学生职业定位与发展指导》@所有人   课程简介：通过本课程帮助学生了解就业前景及发展趋势，认识到树立职业发展目标的重要性，主动思考未来职业发展与学业、专业的关系，学会探索自我、探索外部工作世界，树立正确的职业理想，结合生涯评估为自己的学业与职业发展做出科学决策，合理规划大学生涯及未来的职业生涯，为未来职业发展做好储备，增强学生主动规划、主动学习的积极性。欢迎同学们选课！,,文理通识选课推荐之《大学生职业定位与发展指导》@ 所有人
垃圾与乐子,“来了就是深圳人”，你想了解深圳市如何推广国际形象吗？你听过“智慧城市”、“低碳城市”这些流行的城市品牌标签吗？你想了解网红城市西安的治理策略吗？大熊猫是如何帮助成都吸引国际游客的？《城市品牌战略》课程将带领大家学习城市品牌和城市管理领域的相关知识，课程中将对中国和其他国家典型城市的城市品牌经验进行案例分析，例如纽约、香港、阿姆斯特丹等。课程内容丰富、有趣、有现实意义。欢迎大家选修，时间为周一或周二9-10节，课程代码SOSC1128。@所有人,,《城市品牌战略》课程预告：深圳、深圳、香港、阿姆斯特丹等城市品牌案例分析
垃圾与乐子,女国音是什么？重叠是为了卖萌吗？为什么“贝克汉姆”又被叫做“碧咸”？《魔戒》、《星际迷航》这些电影里精灵语和外星语都是可以整理出一套严密的语言学规则的？土耳其语里的Avrupalılaştırama看上去是一个词，其实是一句话？什么时候用“我女朋友”什么时候用“我的女朋友”？“小黑子”、“爷青结”、“笋都被你夺完了”要怎么分析？让我们用科学又有趣的方式来了解我们的语言，欢迎大家选修23春每周三7-8节，期末不收大作文的《现代汉语》课，课程号HUMA1081。 @所有人,,土耳其语：什么时候用“我女朋友”？
垃圾与乐子,【关于收看“谈心”直播活动通知】@所有人  各位同学 为帮助广大同学缓解压力，学会发现生活的小确幸，提升幸福感，深圳市教育局举办“谈心”直播活动，请全体同学扫码线上收看！ 一、活动时间 2月17日（星期五）19:30-21:00。 二、活动主题：生活需要“小确幸” 三、活动形式：线上直播访谈 四、直播二维码,,深圳市教育局关于收看“谈心”直播活动通知
垃圾与乐子,【防诈骗案例通报】@所有人  案例1：       校区一名学生报警称：2月6日在手机上将游戏账号以1千余元价格挂在交易平台上，后有人微博联系他，该生按照对方的提示操作，通过银行账户转账数百元人民币，后发现被骗。 案例2：       校区一名学生报警称：2月13日接陌生电话称可以帮助该生退回某网络课程费用，按照对方的提示操作，通过银行账户转账数万元人民币，后发现被骗。        当前，校区学生受骗案件多发，金额较大，同学们一定要注意。,,防诈骗案例通报：校区一名学生报警称：2月13日接陌生电话称可以帮助该生退回某网络课程费用
垃圾与乐子,各位同学，校学生会、研究生会社会实践团邀请知名老师开展“共访国之重器，共悟工大力量”系列讲座，感兴趣的同学按时参会呀[举手]@所有人,,校学生会、研究生会社会实践团邀请知名老师开展“共访国之重器，共悟工大力量”系列讲
垃圾与乐子,【防诈骗预警⚠️】@所有人  同学们：        近日，一种新型诈骗手段出现：诈骗分子盗用或伪装成学校（公司）邮箱，然后以单位部门名义发送《补贴申领通知》邮件，受骗人按照邮件指引进行申领操作，进而入套被骗。         深圳高校中已有学生受骗，请全体同学提高警惕，保障财产安全。[辛勤营业],,防诈骗预警深圳高校中已有学生受骗，请全体同学提高警惕，保障财产安全。
升学,1.关于申报2023年英国伦敦玛丽女王大学暑期学校的通知 [http://info.hitsz.edu.cn/content.jsp?urltype=news.NewsContentUrl&wbtreeid=1028&wbnewsid=3379](http://info.hitsz.edu.cn/content.jsp?urltype=news.NewsContentUrl&wbnewsid=3379&wbtreeid=1028),,关于申报2023年英国伦敦玛丽女王大学暑期学校的通知
升学,2.关于申报2023年英国帝国理工学院数据科学暑期学校的通知 [http://info.hitsz.edu.cn/content.jsp?urltype=news.NewsContentUrl&wbtreeid=1028&wbnewsid=3375](http://info.hitsz.edu.cn/content.jsp?urltype=news.NewsContentUrl&wbnewsid=3375&wbtreeid=1028),,关于申报2023年英国帝国理工学院数据科学暑期学校的通知
升学,【关于新国大“3+1+1”本硕联培项目-ISEM宣讲会的通知】 各位同学：2023年新加坡国立大学3+1+1本硕联培项目已于今年1月19日在校区启动，具体通知可以详见官网，今年在原来合作的基础上，新增了计算机专业，为大家提供多一个选择。        新加坡国立大学“3+1+1”本硕联培项目-ISEM专业将面向计算机专业的同学单独开一次线上宣讲会，宣讲会将在3月24日（明日）进行，请有意向参加的同学安排好自己的时间，按时上线参加，具体情况见下： 会议主题：哈工深计算机科学与技术学院-311项目ISEM 宣讲会议时间：2023/03/24 16:00-17:00  腾讯会议：999-588-111 宣讲嘉宾：新加坡国立大学工业系统工程与管理系副系主任，陈楠教授；新加坡国立大学苏州研究院ISEM负责老师，邓老师。详情可见宣传折页。,,新加坡国立大学“3+1+1”本硕联培项目-isem宣讲会通知
升学,【计算机考研初试分享】3月份一般是考研开始筹备启动的时间，有考研意向的同学看过来啦！！！ 3月19日，本周日下午四点至五点，本系列讲座将会进行第三期。本次分享会的主讲人是邓广博学长，他是计算机科学与技术学院2018级本科毕业生，2022级计算机科学与技术学院硕士研究生。他将为大家分享自己的考研经验和心得，为同学们答疑解惑，助力大家考研路上的成功。本次讲座将会线下举行，地点初定在信息楼会议室，欢迎大家前来参会。,,3月19日下午4点-5点，邓广博学长为你分享考研经验和心得
升学,1.关于申报2023年德国柏林工业大学暑期学分课程的通知 [http://info.hitsz.edu.cn/content.jsp?urltype=news.NewsContentUrl&wbtreeid=1023&wbnewsid=3325](http://info.hitsz.edu.cn/content.jsp?urltype=news.NewsContentUrl&wbnewsid=3325&wbtreeid=1023),,申报2023年德国柏林工业大学暑期学分课程的通知
升学,2.关于申报2023年德国慕尼黑大学暑期学分课程的通知 [http://info.hitsz.edu.cn/content.jsp?urltype=news.NewsContentUrl&wbtreeid=1023&wbnewsid=3323](http://info.hitsz.edu.cn/content.jsp?urltype=news.NewsContentUrl&wbnewsid=3323&wbtreeid=1023),,关于申报2023年德国慕尼黑大学暑期学分课程的通知
升学,新国大311项目线上宣讲将于13号（下周一）举行,,新国大311 项目线上宣讲将于13号（下周一）举行
升学,1、转发：校本部关于开展2023年国家建设高水平大学公派研究生项目（第一批）正式报名工作的通知 [http://info.hitsz.edu.cn/content.jsp?urltype=news.NewsContentUrl&wbtreeid=1023&wbnewsid=3257](http://info.hitsz.edu.cn/content.jsp?urltype=news.NewsContentUrl&wbnewsid=3257&wbtreeid=1023) 申请人预报名：即日起-2023年3月9日，申请人网上报名/提交材料：3月10日-19日,2023年3月9日,校本部关于开展2023年国家建设高水平大学公派研究生项目（第一批）正式报名工作的通知
升学,2、关于组织学生申请2023年CSC赴俄乌白专业人才培养计划（第一批）的通知 http://hitgs.hit.edu.cn/2023/0301/c3377a289775/page.htm,,2、关于组织学生申请2023年csc赴俄乌白专业人才培养计划（第一批）的通知
升学,3.关于申报2023年澳大利亚昆士兰大学3+2联合培养项目的通知 [http://info.hitsz.edu.cn/content.jsp?urltype=news.NewsContentUrl&wbtreeid=1028&wbnewsid=3277](http://info.hitsz.edu.cn/content.jsp?urltype=news.NewsContentUrl&wbnewsid=3277&wbtreeid=1028),,关于申报2023年澳大利亚昆士兰大学3+2 联合培养项目的通知
升学,4.关于申报2023年德国达姆施达特工业大学暑假学分课程的通知 [http://info.hitsz.edu.cn/content.jsp?urltype=news.NewsContentUrl&wbtreeid=1028&wbnewsid=3280](http://info.hitsz.edu.cn/content.jsp?urltype=news.NewsContentUrl&wbnewsid=3280&wbtreeid=1028),,4. 关于申报2023年德国达姆施达特工业大学暑假学分课程的通知
升学,"各位同学，现任计算机学院21级本科生辅导员段子豪老师为大家讲解本校“1+3”辅导员保研政策，时间：今晚18：30.地点T5205，欢迎同学现场收听，不仅能了解相关政策，也能知道优秀学长的成长之路[欢呼]@所有人   现在也开通了线上的直播哦 Meeting topic: 支教&“1+3”辅导员保研交流分享会 Meeting time: Today, Mar 2, 6:30 - 8:30 PM (GMT+8) Meeting ID: 815 346 070 Meeting link: [支教&“1+3”辅导员保研交流分享会](https://vc.feishu.cn/j/815346070)",,[支教& “1+3”辅导员保研交流分享会] 今晚18: 30 地点t5205，欢迎同学现场收听
志愿,@所有人 各位同学，与龙华区残联志愿联动活动开始招募志愿者啦，欢迎大家报名参加～ 也欢迎大家了解传播活动，参与到爱心礼物传递活动中。[“即刻”行动 谱写“爱的乐章” | 与龙华区残疾人联合会校园共游活动志愿者招募](https://mp.weixin.qq.com/s/LNFJG7TmJU28Ln_A3zDAqQ),,与龙华区残疾人联合会校园共游活动志愿者招募
教务,【2023春季学期过程性评教】各位同学，现启动2023春季学期过程性评教。基于不同开、结课时间，面向不同课程，计算机学院开设本科课程分6、7周和11、12周两个批次评教。教学质量管理平台手机端可通过微信为学生推送问卷评价通知，请学生们关注“教学质量管理平台”公众号，绑定账户，填写评价问卷。,,【学科动态】计算机学院2023 春季学期过程性评教
教务,【周末托福雅思上课地点调整】因部分学科研究生复试需占用H栋教室，本周末的托福雅思课程上课地点进行了调整，雅思课程调至T5306，托福课程调至T5305，上课时间无变动，课表已在本研教学管理系统中更新，请选课同学留意,,【周末托福雅思上课地点调整】因部分学科研究生复试需占用h栋教室，本周末的托福雅思课程上课地点进行
教务,【雅思托福课程选课结果】雅思托福培训名单已筛选完成，请各位同学登录到教务系统查看选课结果。同时，提醒选中的学生按照上课时间按时出席。谢谢！,,【雅思托福课程选课结果】雅思托福培训名单已筛选完成，请各位同学登录到教务系统查看选课结果。同时，
教务,"【“中国大学MOOC""网站注册提醒】请附件中的同学们尽快注册“中国大学MOOC""网站并完成账号认证。注意： 一、	注册账号流程见《关于2023年春季学期通识教育MOOC课程安排的通知》（教务部通[2023] 29号），即 1.	注册并登陆https://www.icourse163.org/。 2.	点击“认证成为本校学生”，输入学校名称：哈尔滨工业大学（深圳）、学号（学号前不要加“3”）、姓名、身份证后 6 位（留学生护照后 6 位）进行认证。注：请将昵称设置为：“HITSZ+姓名+学号”，便于后期管理。 3.	认证完成，进入我的学校云。在“本校专属课程（SPOC）”中点击要学习的课程，进入介绍页面点击“立即参加”即可完成报名。 4.	如果只有“认证成为本校教师”选项，无法认证为学生身份，请用手机下载安装“中国大学 MOOC”APP，登录后右上角选择设置按钮，再选择设置界面里的“学校云服务”选项，选择学校，认证为学生身份（认证码为身份证后 6 位）。 5.	请确保选择的课程所属学校为“哈尔滨工业大学（深圳）”。 二、 选课学生已经导入上课名单，只要完成注册，就自动加入课程学习；已经注册过的学生可再次检查是否加入正确的SPOC课程； 三、	个别补选的学生未在名单中，请自行按照上述流程操作；  四、	（重要强调！！！）请同学们一定确保学习的是所属学校为“哈尔滨工业大学（深圳）”的SPOC课程，平台上相同名称的课程较多，错学将导致成绩无效； 五、“中国大学MOOC""网站相关问题可直接咨询教务部周老师QQ：5419009，或致电0755 86566053。 选课学生名单如下：https://hitsz.feishu.cn/sheets/shtcnjO6RKqZhqmRnz7DRRCOt6g",,教务部周老师：“中国大学mooc”网站注册提醒
教务,【【MOOC通识课】官方规定登录方式通知】【MOOC通识课】各位同学       现正式发布《关于2023年春季学期通识教育MOOC课程安排的通知》，详见：http://due.hitsz.edu.cn/info/1531/4843.htm       深圳校区MOOC课程学习时间从2023年3月2日开始，请学生务必按照通知中各平台登录方式进行正确操作后，再进行课程学习，否则因不正确操作产生的无效成绩，后果自负。      请一定一定看通知，并按通知中正确方式登录各平台！！！ 通知：《关于 2023 年春季学期通识教育 MOOC 课程安排的通知》https://hitsz.feishu.cn/file/boxcnSdtwxelfkV6rIcP3hp06th 附件1：https://hitsz.feishu.cn/file/boxcngPJ5OKuZMCtz6ETMbXKpZe 附件2：https://hitsz.feishu.cn/file/boxcnCRf6m2xtKt1KNSR5VnDdtf 附件3：https://hitsz.feishu.cn/file/boxcn1k09s4FkAMLYpVMo76jbYb,2023年3月2日,【mooc通识课】官方规定登录方式通知| 深圳校区2023年春季学期通识教育mooc 课程安排的
思政,@所有人 【深圳两红两优推荐-深圳市优秀共青团员】       下午接到团市委通知，要求下周一前报送2022-2023年度深圳市优秀共青团员，学院至多可以推荐1名优秀共青团员，请各位老师将符合条件的同学资料于4月1日（星期六）12:00前将相关文件打包发送给我。申报通知具体详见： http://info.hitsz.edu.cn/content.jsp?urltype=news.NewsContentUrl&wbtreeid=1023&wbnewsid=3429,,深圳两红两优推荐-深圳市优秀共青团员
思政,【推报“2022-2023年度广东省优秀学生骨干”的通知】@所有人  刚刚接到通知，关于关于评选表彰2022-2023年度“广东省优秀学生骨干”的通知已挂网，http://info.hitsz.edu.cn/content.jsp?urltype=news.NewsContentUrl&wbtreeid=1023&wbnewsid=3399，如有报名同学，请先今天下午5点半前给我一个简单的个人介绍，姓名+100字简介。  相关材料今晚整理一下，明天上午(3月28日）10点前发给我[举手],,@ 所有人刚刚接到通知，关于评选表彰2022-2023 年度“广东省优秀学生骨干”的通知已挂网，
思政,【省学联秘书处跟班学习招募】@所有人    《关于选拔优秀学生干部参与广东省学生联合会秘书处跟班学习的通知》已挂网，有意向同学请在周二中午12：00前先提交材料给我http://info.hitsz.edu.cn/content.jsp?urltype=news.NewsContentUrl&wbtreeid=1023&wbnewsid=3388。,,关于选拔优秀学生干部参与广东省学生联合会秘书处跟班学习的通知》已挂网，有意向同学请在周二中午
思政,关于选拔优秀学生干部参与广东省学生联合会秘书处跟班学习的通知@所有人  [关于选拔优秀学生干部参与广东省学生联合会秘书处跟班学习的通知-内部信息公开网 (hitsz.edu.cn)](http://info.hitsz.edu.cn/content.jsp?urltype=news.NewsContentUrl&wbtreeid=1023&wbnewsid=3388),,选拔优秀学生干部参与广东省学生联合会秘书处跟班学习的通知
思政,【推报2023年“深圳青年五四奖章”人选的通知】 各位同学：      晚上刚刚接到通知，关于组织推报2023年“深圳青年五四奖章”人选的通知已挂网（http://info.hitsz.edu.cn/content.jsp?urltype=news.NewsContentUrl&wbtreeid=1023&wbnewsid=3369），请各位同学有意者报名，于【明天3月22日（星期三）9:00】前提交相关材料给我，通知紧急，大家有意者完善好材料尽快提交@所有人,,推报2023年“深圳青年五四奖章”人选的通知
思政,【【光熙·未来】思政实践课经验分享】春阳学姐主讲的经验分享会结束啦，精彩回顾见下方链接，欢迎同学们点击回顾：https://hitsz.feishu.cn/minutes/obcnz2ni17ord57i2k41988r以下是春阳学姐分享会上的ppt，有需要可以自取https://hitsz.feishu.cn/file/UJxlbey1DodX7nxe9Mac6huvnIZ?from=from_copylink,,【光熙未来】思政实践课经验分享】春阳学姐主讲的经验分享会结束啦，精彩回顾见
思政,@所有人 【温馨提醒-2023春院长书记思政课】各位同学好，本次的院长书记思政课时间为3月17日下午第7-8节，授课对象为大一至大三全体学生，各位同学需前往G707上课。如果有个别同学思政课与其他课程冲突，请提前在飞书（工作台-审批-学生请假）上提交在线电子请假单进行思政课请假（请注意电工实验室已经调课不冲突了），并将冲突课程部分课表截图上传至电子请假单附件。请假同学课后需观看思政课回放，其他同学需按时上课，届时会统计考勤。,,温馨提醒-2023春院长书记思政课
思政,【计算机思政实践经验分享】这学期大一同学将要面临思政实践等社会活动，对于思政实践有所疑惑的小伙伴们看过来啦！！！3月17日，本周五晚上七点，光熙·未来系列讲座将举办《立足鹏城 聚焦实践》主题思政实践经验分享会，地点初定在T5204教室。本次分享会的主讲人是李春阳学姐，21级思政实践重点项目组员。她将为大家分享自己的思政实践经验和心得，为同学们答疑解惑，让大家在面对本学期思政实践之时不再手足无措，能够做出清晰的判断，助力大家在思政实践上取得成功。教室位置有限，先到先得，欢迎大家前来参会！,,光熙未来系列讲座《立足鹏城聚焦实践》主题思政实践经验分享会
思政,【2023年秋季学期入党积极分子党校培训班报名】@所有人  各位同学，2023年春季学期入党积极分子培训班预计在3月中下旬开办，请报名本次积极分子党校培训班的同学，填写以下文档： 【腾讯文档】哈工大(深圳)计算机学院2023年春季学期入党积极分子培训班名单 https://docs.qq.com/sheet/DTkRUZFhSUXVPR2pz?tab=BB08J2 #报名条件# （1）2023年3月前已向分管年级辅导员递交入党申请书者； （2）能全程参加培训及考核。 PS：之前参加过入党积极分子培训班但未通过结业者，本次亦可报名。 #截止时间# 3月19日（本周日）17:00前 【2023年春季学期发展对象初步人选报名】@全体成员 各位同学，2023年春季学期发展对象的确立工作已经开始进行，请满足报名条件的同学尽快报名，并注意报名截止时间。 a.	报名条件：确立积极分子满一年，且取得积极分子培训结业证书的同学。 重要PS： 1.	上学期已经确定为发展对象并通过党校培训班考核的同学，不用参与本次的确定发展对象报名，直接进行后续学院党委组织的“发展对象答辩”即可。 2.	发展对象培训班结业证有效期为1年，1学年及之前（上上学期）取得发展对象培训结业证的同学，需报名本次的发展对象培训班取得结业证书，才能继续发展。 b. 初步人选报名截止时间：3月19日 17：00 【腾讯文档】哈工大（深圳）计算机学院2023年春季学期发展对象初步人选名单报名表 https://docs.qq.com/sheet/DTmp1QkF1RGZzcHla?tab=BB08J2 #重要提醒# 为提升党员发展质量，发展政治素质高、群众基础好、综合能力强的同志入党，计算机科学与技术与学院本学期将对确定发展对象实施“过三关”工作方案。发展对象的确定需要各班级团支部组织答辩进行排序，择优确立发展对象人选。请报名发展对象初步人选的同学，做好班级团支部内答辩准备，具体答辩时间请等待各班团支书的通知。 第一个通知是2023年春季学期积极分子培训班报名通知，第二个通知是发展对象初步人选报名，请同学们仔细阅读通知，注意报名条件，不要错报、重报、漏报！！！,,哈工大(深圳) 计算机学院2023年春季学期入党积极分子培训班
思政,@所有人 【2023春院长书记思政课】各位同学好，本次的院长书记思政课时间为3月17日下午第7-8节，授课对象为大一至大三全体学生，各位同学需前往G707上课。如果有个别同学思政课与其他课程冲突，请提前在飞书（工作台-审批-学生请假）上提交在线电子请假单进行思政课请假，并将冲突课程部分课表截图上传至电子请假单附件。请假同学课后需观看思政课回放，其他同学需按时上课，届时会统计考勤。,,通知：2023春院长书记思政课3月17日下午第7-8节开课
思政,思政实践相关疑问收集表https://wenjuan.feishu.cn/m?t=srhCZ89uLuKi-fexr请大家认真填写问卷，后续会根据问卷内容举办社会实践活动经验分享会，大家一定要认真填写呀[奋斗]@所有人,,思政实践相关疑问收集表（一）：社会实践活动经验分享会，大家一定要认真填写呀
心理,心灵驿站第七周咨询安排已出[计算机学院“心灵驿站”二级心理辅导站第七周预约安排](https://mp.weixin.qq.com/s/puASDgBD0K6UnxrEDTeUhg),,心灵驿站第七周咨询安排已出[计算机学院“心灵驿站”二级心理辅导站第七周预约安排] (https:
心理,TA似乎最近不太好，我可以做点什么吗？要知道，即使是亲密如家人、恋人的关系 发现对方身上的心理健康危机也不是一件简单的事 能够注意到一些不同寻常的细节，给予关注关心 你已经迈出了很重要的一步https://mp.weixin.qq.com/s?__biz=Mzg2NDU2MjEwMg==&mid=2247492089&idx=1&sn=ac428ce22c4e519e71253b8f602322c9&chksm=ce65df20f9125636992ce84545602132caac7983790d0d867de5704bcbfbd02a290acb07949c&mpshare=1&srcid=0325uHVY7Mfg2ddvttKMT7hC&sharer_sharetime=1679718492875&sharer_shareid=f49652a3debbd5d43743a7434ba6b29f&from=groupmessage&scene=1&subscene=10000&clicktime=1679723368&enterid=1679723368&sessionid=0&ascene=1&fasttmpl_type=0&fasttmpl_fullversion=6606014-zh_CN-zip&fasttmpl_flag=0&realreporttime=1679723368212&devicetype=android-30&version=28002151&nettype=3gnet&lang=zh_CN&countrycode=CN&exportkey=n_ChQIAhIQvUMDwuHO6V3vDXsvap%2BHDxLwAQIE97dBBAEAAAAAAAXHK2Ztp9IAAAAOpnltbLcz9gKNyK89dVj0pv9hsnnqjPpb35egr0KlTTOlBF3Tn1lEq%2FFZ3tfCDWcmkLcQ358O%2FxkLRiYhAOs%2BWfn4YSzmY88V0TPRabDS091tLQPHVcbu1X4XnyT2cuo%2FYRSxZguMSuegla7E%2F7e3MBBcOI17aXoMqgWNiF%2F87BzQb1Dg2yG3QYNxW7ieqIletAchCQJKiR2kOjGQvZMrzDmvwKBUPuqx7o4t9l%2BePFpiMzRehjN%2Fb7l9bOzl9dfJbajoiLy9oVQa7BUU0wBbYfwgaV7jXiex5A%3D%3D&pass_ticket=u5Rc1i9vbVnpB5VHbQdcm8b4NEA1IlvnlDYYC5q9vYm43es0qBaGMvpVYCwJNA6BFRG1Zesrd0u%2BYh0e2x%2FgpQ%3D%3D&wx_header=3,,ta 似乎最近不太好，我可以做点什么吗？
心理,各位t同学，心灵驿站第六周咨询安排已出[计算机学院“心灵驿站”二级心理辅导站第六周预约安排](https://mp.weixin.qq.com/s/IDlIlfXALsDlmZMXpPMXPA),,t 同学，心灵驿站第六周咨询安排
心理,@所有人 第5周学院心理辅导站咨询预约已发布[计算机学院“心灵驿站”二级心理辅导站第五周预约安排](https://mp.weixin.qq.com/s/A8HRfNHbEWagVcRbuJt8ew),,计算机学院“心灵驿站”二级心理辅导站第五周预约安排
心理,同学们：@所有人         大家好！        面对当前经济社会的高速发展，青少年的学习、生活、运动社交方式均发生了深刻变化，新形势下青少年心理健康情况受到了全社会的共同关注。为摸准我省青少年心理健康情况，科学探究影响青少年心理健康因素，为新时代青少年工作提供科学意见建议，团省委联合知名院校权威专家，拟开展全省青少年心理健康大调研工作。问卷不收集个人具体信息，请大家如实、放心填写。       下面，请扫描图片的二维码开始我们的作答吧！,,关于开展全省青少年心理健康大调研工作的通知
心理,计算机学院“心灵驿站”二级心理辅导站预约安排https://mp.weixin.qq.com/s/HeWkhsVtXdyK0D6bIXyrAQ,,计算机学院“心灵驿站”二级心理辅导站
作业与考试,【2023年春季学期期中考试】2023年春季学期期中考试安排已在系统公布，请同学们登录本研教学管理与服务平台查询期中考试的信息，合理安排复习，按时参加考试。考试迟到超15分钟将按照旷考处理，请各位同学知晓。,,2023年春季学期期中考试安排
作业与考试,【2023年春季学期第二批补考安排】2023年春季学期第二批补考安排（第6-7周）已在系统公布，请相关同学登录本研教学管理与服务平台或者本研教学服务app查看考试信息，认真复习备考。@所有人 另，如下考试因为实验完成较晚等原因，授课老师还未提交正考成绩，待成绩公布后，会在系统发布补考安排，请知悉。,,2023年春季学期第二批补考安排
竞赛与机会,【关于举办第十六届广东大学生科技学术季活动的通知】@所有人  各位同学：关于转发《关于举办第十六届广东大学生科技学术季活动的通知》的通知（http://info.hitsz.edu.cn/content.jsp?urltype=news.NewsContentUrl&wbtreeid=1023&wbnewsid=3365）已挂网，请有意向的同学报名参赛。,,关于举办第十六届广东大学生科技学术季活动的通知
竞赛与机会,【首届中国—中东欧国家青年创新创业大赛启动申报】@所有人  “首届中国—中东欧国家青年创新创业大赛”计划于2023年3月至5月期间在浙江省宁波市举行，大赛面向中国及中东欧国家的高校、科研院所、企业及其他社会团体等广泛征集参赛项目，并分别按照“企业组”“团队组”“创新合作组”进行比赛。于4月2日前可登录大赛官方网站( https://cceec.tech/sign.aspx?id=15）统一注册报名。 相关链接：[【重磅发布】首届中国—中东欧国家青年创新创业大赛启动申报！](https://mp.weixin.qq.com/s/VqTxWCCj8TN_Ejwkg2StAQ) 为贯彻落实习近平主席在2021年2月9日举行的中国—中东欧国家领导人峰会上提出的有关倡议，通过搭建中国—中东欧国家青年科技人才交流合作平台，汇聚青年科技人才和创新创业者，推动中国与中东欧国家青年科技人才之间的交流与合作，开辟中国与中东欧国家合作发展互利共赢新局面，进而不断促就面向未来发展的新动能，“首届中国—中东欧国家青年创新创业大赛”计划于2023年3月至5月期间在浙江省宁波市举行，我们诚挚地邀请您参与大赛。,2021年2月9日,首届中国—中东欧国家青年创新创业大赛启动申报
竞赛与机会,【机器人及人工智能大赛   节能减排赛通知更新】各位同学，第二十五届中国机器人及人工智能大赛已经开始报名，本科生可组队报名参赛，报名截止时间为2023年4月14日17:00，实验中心可提供部分设备用于对应赛项。竞赛日程、赛项、报名和交流等信息请详见校内通知：http://due.hitsz.edu.cn/info/1485/4891.htm    各位同学，节能减排校赛通知已更新，作品提交、评审的时间节点有所提前（目前仍可报名参赛），组队、作品提交要求等内容也有更新，详见最新通知：http://due.hitsz.edu.cn/info/1485/4826.htm  。,2023年4月14日,第二十五届中国机器人及人工智能大赛已开始报名，本科生可组队参赛，报名截止时间为2023年4月
竞赛与机会,报名 | 高层次国际化人才培养创新实践项目2023年春季学期【全球治理线上课程】报名通知@所有人 [报名 | 高层次国际化人才培养创新实践项目2023年春季学期全球治理线上课程报名通知](https://mp.weixin.qq.com/s/m2fGz8Lsh3vSeYt23xHVAw) 为加强学生国际化能力培养，拓展学生国际化视野，提升学生对国际组织的认知与了解，帮助学生更好地了解和参与国际事务、向国际组织输送更多人才，为我国参与全球治理和推动构建人类命运共同体作出更大贡献，高层次国际化人才培养创新实践项目在2023年春季学期继续开展全球治理线上课程。  感兴趣的同学可以报名参加,,报名| 高层次国际化人才培养创新实践项目2023年春季学期【全球治理线上课程】报名通知@ 所有人
竞赛与机会,【2023首届大学生算法大赛报名通知】各位同学，中国电子学会现代教育技术分会现面向全国高等学校在读全日制研究生和大学生举办“2023首届大学生算法大赛”，旨在促进大学生学习计算机领域专业知识与技能的兴趣，激发大学生在信息技术和人工智能的算法编程领域勇于发现问题、提出问题和解决问题，有效提升算法设计、逻辑推理、数学建模、编程实现和计算机系统能力，培养团队合作意识、挑战精神和创新能力。请感兴趣的同学踊跃报名。一、赛程安排 报名时间：2023年2月15日 - 2022年3月31日 测试时间：2023年4月1日14:00-19:00 比赛时间：2023年4月2日9:00-14:00二、报名方式 （一） 在此链接报名 https://www.saikr.com/vse/algorithm/2023?ces=XB3860 （二） 扫描下图的二维码报名。,2023年2月15日,2023 首届大学生算法大赛报名通知
竞赛与机会,【征集2023年度大学生创新创业训练计划项目选题】各位同学，为了促进校区大创项目开展，今年面向师生试行大创选题征集。请有意向寻找队友完成大创项目的学生申报选题，教务部收集后将统一发布。征集截止时间为4月7日24:00，详情请见校内通知：[http://info.hitsz.edu.cn/content.jsp?urltype=news.NewsContentUrl&wbtreeid=1028&wbnewsid=3367](http://info.hitsz.edu.cn/content.jsp?urltype=news.NewsContentUrl&wbnewsid=3367&wbtreeid=1028)。 *说明*： 1.选题征集仅作信息交流和参考之用，不代表正式立项； 2.选题征集结束后将开展立项、中检和结题，相关的老师和同学们可以提前做好准备。,,征集2023 年度大学生创新创业训练计划项目选题
竞赛与机会,2023年全国大学生计算机系统能力大赛 操作系统设计赛章程 https://mp.weixin.qq.com/s/l07eU4Vwx_6slvLL0MT34g,,2023年全国大学生计算机系统能力大赛操作系统设计赛章程
企业参观与就业,@所有人  【中兴参访改期】 接中兴紧急通知，因临时控场原因，原定于3月30日（周四）参访中兴活动延期至4月4日（周二）下午14:30-17:00参访，请感兴趣的同学填写报名表【中兴参访报名链接：https://docs.qq.com/form/page/DUmhTaXZOenBBbENs】 若课程冲突，本次无法参加，我们将再组织4月9日（周日）上午9:00-11:30参访中兴，报名表后续发放，名额有限，请大家尽量参加4月4日活动。,,【中兴参访改期】接中兴紧急通知，因临时控场原因，原定于3月30日（周四
企业参观与就业,@所有人  【活动报名】名企中国行之“职场领航”——中兴通讯企业参访来啦~ 2023年3月30日（本周四）下午14：30-17：00。 详情：[【活动报名】名企中国行之“职场领航”——中兴通讯企业参访来啦~](https://mp.weixin.qq.com/s/Y_EZW8twsVjiwGqlk7eE2w) 名额将满，大家把握机会，欢迎参加！,2023年3月30日,【活动报名】名企中国行之“职场领航”——中兴通讯企业参访来啦2023年3月30
企业参观与就业,【首届生涯体验活动】3月16日9:00—17:00、3月17日9:00—15:00将于活动中心及K栋门口举办哈工大（深圳）首届生涯体验活动，让同学们提前了解就业咨询和前期准备，体验就业过程。希望通过生涯游戏活动启发在校生生涯意识，请全体同学积极参与。 活动推文：[【活动信息】点击本文，查收值得一键收藏的春招干货](https://mp.weixin.qq.com/s/ODF64pIGfZzU7B1ifTDF_A),,【活动预告】哈工大（深圳）首届生涯体验活动
企业参观与就业,【东北五校2023届毕业生春季双选会】 时间：3月16日（周四）9:00-15:00 地点：哈工大（深圳）师生活动中心一楼 春招进行中，我校邀请了各大知名企业到校招聘，欢迎全体同学参与。 企业名录见推文：[【学生邀请函】东北五校2023届毕业生春季双选会邀请函](https://mp.weixin.qq.com/s/GEtlYKZIHb_Xwz3R3KS5zA)@所有人,,3月16日（周四）东北五校2023届毕业生春季双选会
企业参观与就业,【共青团促进大学生就业行动 】就在明天！2400+优质岗位！广东共青团首场校招来啦！https://mp.weixin.qq.com/s/VpfN_0nLfi909Z6l4yq-0A 2.一次可申请4项！深圳创业补贴申领指南来啦！https://mp.weixin.qq.com/s/lNkXy-0viVhy_SeipzujJA 3.深圳市团校（深圳青年学院、深圳志愿者学院）现面向学校招募实习生。 要求：1.思想政治素质高，责任感强，原则上应为中共党员或共青团员。2.有一定的理论素养和公文写作能力。3.有一定的组织协调能力和抗压能力，担任过学生干部者优先。4.每周能实习3-5天。5.实习期6个月。6.本科生、研究生均可报名。 待遇：1.根据工作时间、工作内容和完成情况发放1500-2500元的实习补助。2.提供工作午餐。3.实习期满，考核合格者，开具实习证明。 工作地点：深圳市团校（深圳青年学院、深圳志愿者学院），福田区梅林路11号，地铁9、10号线孖岭站C出口。 有意报名者请发送个人简历至邮箱：txyjfzb@163.com，简历中请注明可实习日期。 报名截止日期：2023年3月15日，面试时间另行通知。,2023年3月15日,【共青团促进大学生就业行动】就在明天！2400+优质岗位！广东共青团首场校招来啦！
企业参观与就业,"【举办大学生求职就业能力训练营的通知】@所有人 学生、家长都可以参加，欢迎同学们转发给家长！各位同学，为提升学生求职能力，更好地发挥家校联合对学生就业引导的作用，招生就业处特举办大学生求职就业能力训练营活动，广泛邀请本硕毕业生及家长参加。  培训时间：2023年3月6日—3月10日晚19:00-20:30  培训形式：线上直播  培训对象：深圳校区学生及家长、辅导员（对求职就业指导感兴趣、有志于提升相关方向能力）  课程内容从分析就业形势、评估就业准备、分析就业机会的角度切入，激活就业意识，认清就业形势，进入就业能力快速提升的正向循环。请有意向参加的学生和家长（家长信息就请学生帮忙填啦）于3月3日10:00前填写下述报名文档【腾讯文档】大学生求职就业能力训练营培训报名——哈工大深圳计算机学院
https://docs.qq.com/form/page/DWk1nY1JLUUd3d210谢谢！原通知如下：关于举办大学生求职就业能力训练营的通知https://job.hitsz.edu.cn/xwtzxq?lx=0&id=32bf449df20a4c1caf2db975eb53dee6",2023年3月6日,3月6日-10日，哈工大深圳计算机学院举办大学生求职就业能力训练营，欢迎学生转发给家长！
生活,【关于2023年清明节放假安排的通知】根据校区办公室发布的《关于2023年清明节放假安排的通知》，2023年4月5日（星期三）放假，共1天。放假期间本科生、研究生停课。4月8日（星期六）学生按照课表正常上课。详见链接http://due.hitsz.edu.cn/info/1040/4904.htm  麻烦大家通知任课教师和学生们，谢谢！,2023年4月5日,2023年4月5日（星期三）放假，共1天。放假期间本科生、研究生停课。4月8日（
生活,【深圳校区参加方式】@所有人  会议主题：面试流程与常见问题回答技巧  会议时间：2023/03/30 18:30-20:00  腾讯会议：645-191-235  会议密码：0330,,【深圳校区参加方式】@ 所有人会议主题：面试流程与常见问题回答技巧会议时间：2023/03/30
生活,【生涯规划与就业指导工作室招新啦】@所有人  各位同学，计算机学院生涯规划与就业指导工作室招新啦，欢迎同学们踊跃报名加入！详情见推文：[计算机学院生涯规划与就业指导工作室招新啦！](https://mp.weixin.qq.com/s/GLzIKmOgvQmvfEa1h25mTw) 作为计科一员 想要了解如何进行个人学业生涯规划和发展定位？想要知道秋招春招流程？想要知道相关公司需要什么样的人才？别等到找工作的时候才发现自己！现在，机会来了，不管你是本科生还是研究生，只要加入我们，你就可以：触达专业的职业生涯咨询师，链接优秀校友、优秀朋辈榜样，了解计算机相关行业发展现状，熟悉行业公司详情，掌握计算机相关行业招聘需求，锻炼信息搜索、协调沟通技能。最重要的是能帮助你拓展职业视野、合理规划职业，有针对性的学习提高，让就业不再临阵磨枪！,,计算机学院生涯规划与就业指导工作室招新啦
生活,"【关于研究生招生考试复试期间关闭部分区域校园无线网的通知】@所有人  各相关单位、校园网用户： 按照研究生招生考试复试工作相关要求,校区将于2023年3月25日8:00至18:00关闭考场及周边相关区域校园无线网，具体关闭区域为H栋2至6层。由此给您带来的不便，敬请谅解。 信息化24小时服务电话：26033737。 网络与计算中心     2023年3月24日",2023年3月25日,关于研究生招生考试复试期间关闭部分区域校园无线网的通知
生活,[计算机学院“码上心晴”心理辅导站招新啦！](https://mp.weixin.qq.com/s/cOCKnBGG7dSdwBFQuyhR0w)@所有人计算机科学与技术学院“码上心晴”心理辅导站是在学院党委积极支持下，通过宣传心理健康知识、提供心理健康交流平台、开展心理健康活动等方式，为同学们提供心理咨询服务和温暖的陪伴，帮助同学们扩展心理健康常识、增强心理素质、为学生的心理健康保驾护航。**如果你热衷于心理学知识学习、宣传和普及，也想为他人带来一份温暖和舒适，欢迎加入我们！**,,大家计算机科学与技术学院“码上心晴”心理辅导站招新啦！
生活,【计算机科学与技术学院“码上心晴”心理辅导站招新启事】各位本硕博的同学：    计算机学院“码上心晴”心理辅导站招新啦！辅导站下设媒体宣传部和组织策划部两个部门。现面向学院全体同学招募并选拔一批对心理学感兴趣、责任心强，乐于奉献的同学加入心理辅导站！ 欢迎符合条件且有意向的同学积极报名，具体详情及报名流程请查看《计算机科学与技术学院“码上心晴”心理辅导站招聘启事》：http://cs.hitsz.edu.cn/info/1019/6551.htm ps: 心理辅导站成员纳入综测加分（参照学院综测办法中学院专项工作室加分标准）。 报名流程： 1.   填写报名问卷：【腾讯文档】计算机学院“码上心晴”心理辅导站招聘报名https://docs.qq.com/form/page/DTGRiYnVqdGZCa2JF 2.  加入“码上心晴”心理辅导站招新QQ群：点击链接或扫描二维码加入招新QQ群：https://jq.qq.com/?_wv=1027&k=CpeKdav1 3.  面试：具体面试时间及地点以QQ群通知为准。 注：其他相关事宜如有疑问可添加QQ号487229974咨询。 报名截止时间：2023年3月26日17时。,2023年3月26日,【计算机科学与技术学院“码上心晴”心理辅导站招新启事】
生活,各位同学，经管学院一名学生在t3大堂失物招领处丢失一只apple pencil，可能有同学拿错了，现在丢失电容笔的同学很着急，请有线索的同学联系辅导员@所有人,,各位同学，经管学院一名学生在t3 大堂失物招领处丢失一只apple pencil，可能有同学拿错了，
生活,各位同学好，光熙杯篮球赛闭幕式今天19:00-20:00在T5旁的新篮球场举行，届时，学院师生将与本届光熙杯的奖品赞助单位中兴通讯进行一场友谊赛，欢迎各位同学到场参与和观看。@所有人,,光熙杯篮球赛闭幕式今天19: 00-20: 00在t5旁的新篮球场举行，届时，学院师生将与
生活,【心·悟，减压赋能！】@所有人  计算学部一校三区 “分享心意，发现共鸣”心意分享活动 http://today.hit.edu.cn/article/2023/03/16/101553 为进一步推进“五育并举”体系建设，丰富校园文化生活，营造积极向上、清新高雅、健康文明的校园文化氛围，**促进计算学子综合素质全面提升**，同时**缓解同学们的学习压力**，调动计算学子对于音乐、阅读、诗词、观影等艺术类型的兴趣与热爱，计算学部“心·悦”辅导站将长期开展“分享心意，发现共鸣”主题心意分享活动,,【心悟，减压赋能！】@ 所有人计算学部一校三区“分享心意，发现共鸣”心意分享活动
生活,【校园文化艺术系列展演（春季）活动预告】 请查收“美育新课堂·音梦更精彩”校园文化艺术系列展演（春季）活动预告，官网链接http://info.hitsz.edu.cn/content.jsp?urltype=news.NewsContentUrl&wbtreeid=1023&wbnewsid=3339[欢兔喝彩],,校园文化艺术系列展演（春季）活动预告
生活,锦绣见真章，雷锋伴我行https://mp.weixin.qq.com/s/X_OO16gsC4c3qP2iHoagww“**雷锋精神**“是中华民族宝贵的精神财富，体现了中华民族的优良传统，反映了社会主义和共产主义的价值观念和行为准则。为弘扬新时代雷锋精神，弘扬中华民族**无私奉献**的精神，丰富同学们的课余生活，让大学城师生通过感受文艺氛围，培养哈工大学子文化素养，提升文化自信，我院现开展“锦绣见真章，雷锋伴我行”主题**文艺作品征集**活动。,,“锦绣见真章，雷锋伴我行”主题* * 文艺作品征集* * 活动
生活,学院团委学生会权益部招新广告：为了让同学们直观感受咱是干啥的，现在列举出部门本学期已筹备活动：,,学院团委学生会权益部招新广告：为了让同学们直观感受咱是干啥的，现在列举出部门本学
生活,"1. 光熙未来讲坛以及生产力工具沙龙，学识普及方向
2. 计往开来讲座（原光熙未来讲座），生涯规划与经验分享方向
3. 院领导茶话会，权益反馈方向",,光熙未来讲坛以及生产力工具沙龙，学识普及方向2. 计往开来讲座（原光熙），生涯规划
生活,来权益部，你能更好地扩展学识、规划自己的出路、反馈同学们的意见与建议。如果你对此有浓厚的兴趣，欢迎按以下推文指导报名：[计算机学院团委学生会春招来啦！](http://mp.weixin.qq.com/s?__biz=MzkzNjI1Mzc0Mg==&mid=2247488886&idx=1&sn=cfb572f1a1c020b810ee29bce72110cc&chksm=c2a0d537f5d75c212c881a353285d30eaea77eda47357621bcc5d5c42328fcb196df38730d34&mpshare=1&scene=23&srcid=0310vAjJk2xWLglKK1hDAs5L&sharer_sharetime=1678453339107&sharer_shareid=5b0ace33fc71db9e5f0e5c3c54fd040e#rd),,来权益部，你能更好地扩展学识、规划自己的出路、反馈同学们的意见与建议
生活,计算机学院团委学生会春招来啦！！如何加入我们？1.填写飞书的报名收集表https://hitsz.feishu.cn/share/base/form/shrcnDyR5CUNVBEsjTTaLw3sE3g；2.加入飞书的招新咨询群；3. 参加线下面试：面试时间为 3 月 12 日，具体的时间和地点会私信通知 ~  （报名截止时间：3 月 11 日 12:00，有意向的同学尽快填写报名表噢）,,计算机学院团委学生会春招来啦！！如何加入我们？
生活,【“疫后春景，与你共赴”主题摄影大赛】【心·艺】计算学部一校三区“疫后春景，与你共赴”主题摄影大赛 邀你参加！ http://today.hit.edu.cn/article/2023/03/07/101243,,【心艺】计算学部一校三区“疫后春景，与你共赴”主题摄影大赛邀你参加！
生活,【表情包设计大赛】青春计算，“表情”达意——计算学部一校三区表情包创意设计大赛邀你参加！ http://today.hit.edu.cn/article/2023/03/07/101241,,【表情包设计大赛】青春计算，“表情”达意——计算学部一校三区表情包创意设计大赛邀你参加
生活,活动推广丨“深圳市大学生歌手大奖赛”半决赛倒计时1天！https://mp.weixin.qq.com/s?__biz=MzIxMzgxNjg3MQ==&mid=2247519639&idx=1&sn=4cb2d639b45b1e66fa6105fbea08865c&chksm=97b3cedfa0c447c9a04a1fe181d2ab0fb68820fd7fd747dfcd902d52593855615d8fb0946b52&mpshare=1&srcid=0303yQQTLNwTzd0urMsp35de&sharer_sharetime=1677903538740&sharer_shareid=9c517c79272fdfebfb369a201b102946&from=timeline&scene=2&subscene=1&clicktime=1677903735&enterid=1677903735&sessionid=0&ascene=2&fasttmpl_type=0&fasttmpl_fullversion=6571506-zh_CN-zip&fasttmpl_flag=0&realreporttime=1677903735619&devicetype=android-30&version=28002137&nettype=cmnet&lang=zh_CN&countrycode=CN&exportkey=n_ChQIAhIQzmDjrMioBnqyw9Y70pkhrhLvAQIE97dBBAEAAAAAAOgfJoYwNfsAAAAOpnltbLcz9gKNyK89dVj0p4yXASRhCqLEbfNcG%2Fxqa%2BFTzIhkwb1mMymxWKDaDzjs3RJ1ErFB0ZOvrYKLBVM5Ueh6MFOIcCQGpeokyac3py%2Bp3hJHgKp42cYMdvjcUGH%2BjGZUx1JNP%2Fy3UO2O5GMyZiVP69h7eVwX%2F5nNyyQRmt3aTjVGEOYal%2B%2BFWTPejF5wNB0tFxVWZDhfNde1%2Fqk7tduWUUNQ5CmixFcbAIj%2F5EloF0hBBVCvEwpN3scuux0ss8VIBdckH16KFC7qmKuwJ0udaUi76JyE&pass_ticket=%2F5NEFXxYa9bNXPRYdQfYlOzRylSMIDAOvbI6NWBZ5hTlJ9%2B5fpxleDAX32D9mAwfOJ3NSH5QgBf12re8r%2FJQUw%3D%3D&wx_header=3,,活动推广丨“深圳市大学生歌手大奖赛”半决赛倒计时1天！
生活,2023计算之声节目单,,2023 计算之声节目单
生活,【哈工深应急救护培训】来了，就在3月5号下午3点，地点T3202我们非常有幸从深圳市红十字会借了6套假人、6套AED，参与还有最新版的教材和神秘伴手礼哦~ 主讲人是咱们学院优秀学长哦，欢迎大家积极参与！,,【哈工深应急救护培训】3月5号下午3点，我们有幸从深圳市红十字会借了6套假人、
重要通知,没有领身份证的今晚可以来L1505领取，时间截止到9点@所有人,,没有领身份证的今晚可以来l1505 领取，时间截止到9点@ 所有人
重要通知,各位同学，以上是思政实践课企业直播课的课程海报，欢迎大家使用工大APP扫码观看，之前没有看过的同学一定要扫码看，需要计入学时@所有人,,思政实践课企业直播课的课程海报，欢迎使用工大app扫码观看，之前没有看过的同学一定要扫码
重要通知,大家集体办理的身份证学院已经取回，请各位同学在工作时间带着旧身份证来L1406找我领取@所有人,,大家集体办理的身份证学院已经取回，请各位同学在工作时间带着旧身份证来l1406找我领取@ 所有人
重要通知,【关于领取2022年落户学生新身份证的通知】@所有人  各同学：       2022级落户学生身份证已经制作完成，预计今天下午领回，后续会通知同学逐一核对发放，发放同时会要求学生剪裁作废旧身份证。        另外个别未办理新身份证的学生，请通知在“深圳公安”上预约，携带户口卡、旧身份证等材料自行前往办理。,,关于领取2022年落户学生新身份证的通知
重要通知,【学业奖学金、国家奖助学金文件和硕士研究生学业奖学金评定细则】本科生综合测评，学业奖学金、国家奖助学金文件和硕士研究生学业奖学金评定细则，已经挂网，请同学们自行查看：http://cs.hitsz.edu.cn/info/1019/6501.htm,,本科生综合测评，学业奖学金、国家奖助学金文件和硕士研究生学业奖学金评定细则
重要通知,【年级大会通知】@所有人  明天（3月17日，周五）下午13：50在G707召开22级线下年级大会，会议主要介绍职业发展规划和校规校纪解读，请各位同学按时参会，会上班长负责考勤，有课程冲突的同学请再今晚19点和班长请假。 另：G707就是大家7、8节课上课的地点，年级大会后大家可以原地自习，减少移动。,,【年级大会通知】@ 所有人明天（3月17日，周五）下午13：50在g707 召开22级线下年级
重要通知,[22级本科计算机学院居住登记信息表](https://wenjuan.feishu.cn/m?t=szGUdYHFiAKi-kn4r)请各位同学于3月7日上午10点之前完成表格填写，房屋编号可查看压缩包@所有人,,22级本科计算机学院居住登记信息表
重要通知,【落户提醒】@所有人  各位同学好，今天是在大学城警务室集中办证的最后一天，请落户的同学们按时前往！,,【落户提醒】@ 所有人各位同学好，今天是在大学城警务室集中办证的最后一天，请落户的同学们按时前往
垃圾与乐子,请大家关注公众号，多了解学校情况@所有人 【哈尔滨工业大学深圳校区】【哈尔滨工业大学】,,请大家关注公众号，多了解学校情况@ 所有人【哈尔滨工业大学深圳校区】【哈尔滨工业大学】
垃圾与乐子,这是上周五的年级大会ppt，其中也有诈骗相关案例通报，大家结合看一下，务必提高警惕，避免上当受骗！,,这是上周五的年级大会ppt，其中也有诈骗相关案例通报，大家结合看一下，务必提高警惕，避免
垃圾与乐子,【近期诈骗案例通报】,,【近期诈骗案例通报】
垃圾与乐子,"各位同学： 校区2023年以来已经发生11起学生被诈骗，以下是具体案例简介。请大家务必引起重视，谨防受骗。 1、2023年2 月3日，接某学生报称：邮箱收到一封邮件,邮件标题为 2023 年个人劳动(补贴)通知，其按上面的指示操作后，发现被骗 1800元人民币。 2、2023年2月6日，接某学生报称:将自己的游戏账号以1500元价格挂在“交易猫”平台出售，后一陌生人联系其称要购买，其按照对方的提示操作向对方转账 800 元人民币，后发现被骗。 3、2023年2月13日，接某学生报称：在南山区桃源街道闽利达工业园1栋，接到一个来自香港的电话，对方称可以退“大鹏教育”课程的费用，后按照对方的提示操作向对方账户转账39000元人民币，后发现被骗。（其他派出所受理） 4、2023 年2 月17 日，接某学生报称：通过微博收到国外同学发来的信息，对方称要预定回国内的机票需要其帮忙付机票尾款，其通过银行卡转账 6900元人民币，后发现被骗。 5、2023年2月18日，接某学生报称：与QQ 好友聊天，对方自称受伤住院了，向其借钱住院治疗,其向对方转账 3000 元,后发现被骗。 6、2023年2月22日，接某学生报称：通过“交易猫”平台出售游戏帐号，后一陌生人发来一个二维码，让其扫描进去添加客服人员，其扫描后按照对方的提示操作共计充值 7000元人民币，后发现被骗。 7、2023年3月5日，接某学生报称:通过贴吧认识一个陌生人，对方发来一个帖子称出售游戏账号，其按照对方的提示操作向对方转账1500元人民币，后发现被骗。 8、2023年3月14日，接某学生报称：接到自称是太原市公安局警方的电话，对方说其因涉嫌北京警方的一宗诈骗案，后按照对方的提示操作向对方银行账户转账90000元人民币，后发现被骗。 9、2023年3月16日，接某学生报称：收到一条陌生短信称“大鹏教育”的退款通知，其按照对方的提示操作向对方银行账户转账11000元人民币，后发现被骗。 10、2023年3月19日，接某学生报称：通过支付宝交易猫出售手游账号，后有买家在支付宝联系其，对方让其使用QQ买卖“三国志”账号，按照对方的提示操作向对方转账2000元人民币，后发现被骗。 11、2023年3月19，接某学生报称：接到自称是太原市公安局的电话，对方称其涉嫌北京的一宗诈骗案，其按照对方的提示操作向对方转账7500元人民币，后发现被骗。（未统计在10件内，为其他派出所受理）。",2023年2月6日,同学们注意了！2023年以来已经发生11起学生被诈骗，请大家务必引起重视，谨防受骗。
垃圾与乐子,http://xg.hitsz.edu.cn/xspy/jlcf.htm 以上链接是今天年级大会宣讲的违规违纪相关文件，大家可以结合今天宣讲继续学习了解@所有人,,xg. hitsz. edu. cn/xspy/jlcf. htm
垃圾与乐子,《关于大学城学生公寓宿舍安全检查通知》@所有人,,《关于大学城学生公寓宿舍安全检查通知》@ 所有人
